-- phpMyAdmin SQL Dump
-- version 3.5.3
-- http://www.phpmyadmin.net
--
-- Host: localhost
-- Generation Time: Nov 11, 2012 at 12:05 PM
-- Server version: 5.5.28
-- PHP Version: 5.3.9

SET SQL_MODE="NO_AUTO_VALUE_ON_ZERO";
SET time_zone = "+00:00";


/*!40101 SET @OLD_CHARACTER_SET_CLIENT=@@CHARACTER_SET_CLIENT */;
/*!40101 SET @OLD_CHARACTER_SET_RESULTS=@@CHARACTER_SET_RESULTS */;
/*!40101 SET @OLD_COLLATION_CONNECTION=@@COLLATION_CONNECTION */;
/*!40101 SET NAMES utf8 */;

--
-- Database: `devfest`
--
CREATE DATABASE `devfest` DEFAULT CHARACTER SET utf8 COLLATE utf8_general_ci;
USE `devfest`;

-- --------------------------------------------------------

--
-- Table structure for table `hackers`
--

CREATE TABLE IF NOT EXISTS `hackers` (
  `id` int(11) NOT NULL AUTO_INCREMENT,
  `nick` varchar(63) COLLATE utf8_czech_ci NOT NULL,
  `email` varchar(63) COLLATE utf8_czech_ci NOT NULL,
  `hash` varchar(128) COLLATE utf8_czech_ci NOT NULL,
  `level` int(11) NOT NULL,
  `attempts` bigint(20) NOT NULL,
  PRIMARY KEY (`id`),
  UNIQUE KEY `nick` (`nick`),
  UNIQUE KEY `email` (`email`),
  UNIQUE KEY `hash` (`hash`)
) ENGINE=InnoDB DEFAULT CHARSET=utf8 COLLATE=utf8_czech_ci AUTO_INCREMENT=1 ;

-- --------------------------------------------------------

--
-- Table structure for table `levels`
--

CREATE TABLE IF NOT EXISTS `levels` (
  `level` int(11) NOT NULL,
  `name` varchar(127) COLLATE utf8_czech_ci NOT NULL,
  `instructions` text COLLATE utf8_czech_ci NOT NULL,
  `example_input` text COLLATE utf8_czech_ci NOT NULL,
  `example_output` text COLLATE utf8_czech_ci NOT NULL,
  `input` text COLLATE utf8_czech_ci NOT NULL,
  `output` text COLLATE utf8_czech_ci NOT NULL,
  PRIMARY KEY (`level`)
) ENGINE=InnoDB DEFAULT CHARSET=utf8 COLLATE=utf8_czech_ci;

--
-- Dumping data for table `levels`
--

INSERT INTO `levels` (`level`, `name`, `instructions`, `example_input`, `example_output`, `input`, `output`) VALUES
(1, 'Warm up', 'Vypiš lichá čísla bez násobků 7mi (na každé řádce jedno) od jedné do N (daným vstupem).', '10', '1\r\n3\r\n5\r\n9', '10000', '1\r\n3\r\n5\r\n9\r\n11\r\n13\r\n15\r\n17\r\n19\r\n23\r\n25\r\n27\r\n29\r\n31\r\n33\r\n37\r\n39\r\n41\r\n43\r\n45\r\n47\r\n51\r\n53\r\n55\r\n57\r\n59\r\n61\r\n65\r\n67\r\n69\r\n71\r\n73\r\n75\r\n79\r\n81\r\n83\r\n85\r\n87\r\n89\r\n93\r\n95\r\n97\r\n99\r\n101\r\n103\r\n107\r\n109\r\n111\r\n113\r\n115\r\n117\r\n121\r\n123\r\n125\r\n127\r\n129\r\n131\r\n135\r\n137\r\n139\r\n141\r\n143\r\n145\r\n149\r\n151\r\n153\r\n155\r\n157\r\n159\r\n163\r\n165\r\n167\r\n169\r\n171\r\n173\r\n177\r\n179\r\n181\r\n183\r\n185\r\n187\r\n191\r\n193\r\n195\r\n197\r\n199\r\n201\r\n205\r\n207\r\n209\r\n211\r\n213\r\n215\r\n219\r\n221\r\n223\r\n225\r\n227\r\n229\r\n233\r\n235\r\n237\r\n239\r\n241\r\n243\r\n247\r\n249\r\n251\r\n253\r\n255\r\n257\r\n261\r\n263\r\n265\r\n267\r\n269\r\n271\r\n275\r\n277\r\n279\r\n281\r\n283\r\n285\r\n289\r\n291\r\n293\r\n295\r\n297\r\n299\r\n303\r\n305\r\n307\r\n309\r\n311\r\n313\r\n317\r\n319\r\n321\r\n323\r\n325\r\n327\r\n331\r\n333\r\n335\r\n337\r\n339\r\n341\r\n345\r\n347\r\n349\r\n351\r\n353\r\n355\r\n359\r\n361\r\n363\r\n365\r\n367\r\n369\r\n373\r\n375\r\n377\r\n379\r\n381\r\n383\r\n387\r\n389\r\n391\r\n393\r\n395\r\n397\r\n401\r\n403\r\n405\r\n407\r\n409\r\n411\r\n415\r\n417\r\n419\r\n421\r\n423\r\n425\r\n429\r\n431\r\n433\r\n435\r\n437\r\n439\r\n443\r\n445\r\n447\r\n449\r\n451\r\n453\r\n457\r\n459\r\n461\r\n463\r\n465\r\n467\r\n471\r\n473\r\n475\r\n477\r\n479\r\n481\r\n485\r\n487\r\n489\r\n491\r\n493\r\n495\r\n499\r\n501\r\n503\r\n505\r\n507\r\n509\r\n513\r\n515\r\n517\r\n519\r\n521\r\n523\r\n527\r\n529\r\n531\r\n533\r\n535\r\n537\r\n541\r\n543\r\n545\r\n547\r\n549\r\n551\r\n555\r\n557\r\n559\r\n561\r\n563\r\n565\r\n569\r\n571\r\n573\r\n575\r\n577\r\n579\r\n583\r\n585\r\n587\r\n589\r\n591\r\n593\r\n597\r\n599\r\n601\r\n603\r\n605\r\n607\r\n611\r\n613\r\n615\r\n617\r\n619\r\n621\r\n625\r\n627\r\n629\r\n631\r\n633\r\n635\r\n639\r\n641\r\n643\r\n645\r\n647\r\n649\r\n653\r\n655\r\n657\r\n659\r\n661\r\n663\r\n667\r\n669\r\n671\r\n673\r\n675\r\n677\r\n681\r\n683\r\n685\r\n687\r\n689\r\n691\r\n695\r\n697\r\n699\r\n701\r\n703\r\n705\r\n709\r\n711\r\n713\r\n715\r\n717\r\n719\r\n723\r\n725\r\n727\r\n729\r\n731\r\n733\r\n737\r\n739\r\n741\r\n743\r\n745\r\n747\r\n751\r\n753\r\n755\r\n757\r\n759\r\n761\r\n765\r\n767\r\n769\r\n771\r\n773\r\n775\r\n779\r\n781\r\n783\r\n785\r\n787\r\n789\r\n793\r\n795\r\n797\r\n799\r\n801\r\n803\r\n807\r\n809\r\n811\r\n813\r\n815\r\n817\r\n821\r\n823\r\n825\r\n827\r\n829\r\n831\r\n835\r\n837\r\n839\r\n841\r\n843\r\n845\r\n849\r\n851\r\n853\r\n855\r\n857\r\n859\r\n863\r\n865\r\n867\r\n869\r\n871\r\n873\r\n877\r\n879\r\n881\r\n883\r\n885\r\n887\r\n891\r\n893\r\n895\r\n897\r\n899\r\n901\r\n905\r\n907\r\n909\r\n911\r\n913\r\n915\r\n919\r\n921\r\n923\r\n925\r\n927\r\n929\r\n933\r\n935\r\n937\r\n939\r\n941\r\n943\r\n947\r\n949\r\n951\r\n953\r\n955\r\n957\r\n961\r\n963\r\n965\r\n967\r\n969\r\n971\r\n975\r\n977\r\n979\r\n981\r\n983\r\n985\r\n989\r\n991\r\n993\r\n995\r\n997\r\n999\r\n1003\r\n1005\r\n1007\r\n1009\r\n1011\r\n1013\r\n1017\r\n1019\r\n1021\r\n1023\r\n1025\r\n1027\r\n1031\r\n1033\r\n1035\r\n1037\r\n1039\r\n1041\r\n1045\r\n1047\r\n1049\r\n1051\r\n1053\r\n1055\r\n1059\r\n1061\r\n1063\r\n1065\r\n1067\r\n1069\r\n1073\r\n1075\r\n1077\r\n1079\r\n1081\r\n1083\r\n1087\r\n1089\r\n1091\r\n1093\r\n1095\r\n1097\r\n1101\r\n1103\r\n1105\r\n1107\r\n1109\r\n1111\r\n1115\r\n1117\r\n1119\r\n1121\r\n1123\r\n1125\r\n1129\r\n1131\r\n1133\r\n1135\r\n1137\r\n1139\r\n1143\r\n1145\r\n1147\r\n1149\r\n1151\r\n1153\r\n1157\r\n1159\r\n1161\r\n1163\r\n1165\r\n1167\r\n1171\r\n1173\r\n1175\r\n1177\r\n1179\r\n1181\r\n1185\r\n1187\r\n1189\r\n1191\r\n1193\r\n1195\r\n1199\r\n1201\r\n1203\r\n1205\r\n1207\r\n1209\r\n1213\r\n1215\r\n1217\r\n1219\r\n1221\r\n1223\r\n1227\r\n1229\r\n1231\r\n1233\r\n1235\r\n1237\r\n1241\r\n1243\r\n1245\r\n1247\r\n1249\r\n1251\r\n1255\r\n1257\r\n1259\r\n1261\r\n1263\r\n1265\r\n1269\r\n1271\r\n1273\r\n1275\r\n1277\r\n1279\r\n1283\r\n1285\r\n1287\r\n1289\r\n1291\r\n1293\r\n1297\r\n1299\r\n1301\r\n1303\r\n1305\r\n1307\r\n1311\r\n1313\r\n1315\r\n1317\r\n1319\r\n1321\r\n1325\r\n1327\r\n1329\r\n1331\r\n1333\r\n1335\r\n1339\r\n1341\r\n1343\r\n1345\r\n1347\r\n1349\r\n1353\r\n1355\r\n1357\r\n1359\r\n1361\r\n1363\r\n1367\r\n1369\r\n1371\r\n1373\r\n1375\r\n1377\r\n1381\r\n1383\r\n1385\r\n1387\r\n1389\r\n1391\r\n1395\r\n1397\r\n1399\r\n1401\r\n1403\r\n1405\r\n1409\r\n1411\r\n1413\r\n1415\r\n1417\r\n1419\r\n1423\r\n1425\r\n1427\r\n1429\r\n1431\r\n1433\r\n1437\r\n1439\r\n1441\r\n1443\r\n1445\r\n1447\r\n1451\r\n1453\r\n1455\r\n1457\r\n1459\r\n1461\r\n1465\r\n1467\r\n1469\r\n1471\r\n1473\r\n1475\r\n1479\r\n1481\r\n1483\r\n1485\r\n1487\r\n1489\r\n1493\r\n1495\r\n1497\r\n1499\r\n1501\r\n1503\r\n1507\r\n1509\r\n1511\r\n1513\r\n1515\r\n1517\r\n1521\r\n1523\r\n1525\r\n1527\r\n1529\r\n1531\r\n1535\r\n1537\r\n1539\r\n1541\r\n1543\r\n1545\r\n1549\r\n1551\r\n1553\r\n1555\r\n1557\r\n1559\r\n1563\r\n1565\r\n1567\r\n1569\r\n1571\r\n1573\r\n1577\r\n1579\r\n1581\r\n1583\r\n1585\r\n1587\r\n1591\r\n1593\r\n1595\r\n1597\r\n1599\r\n1601\r\n1605\r\n1607\r\n1609\r\n1611\r\n1613\r\n1615\r\n1619\r\n1621\r\n1623\r\n1625\r\n1627\r\n1629\r\n1633\r\n1635\r\n1637\r\n1639\r\n1641\r\n1643\r\n1647\r\n1649\r\n1651\r\n1653\r\n1655\r\n1657\r\n1661\r\n1663\r\n1665\r\n1667\r\n1669\r\n1671\r\n1675\r\n1677\r\n1679\r\n1681\r\n1683\r\n1685\r\n1689\r\n1691\r\n1693\r\n1695\r\n1697\r\n1699\r\n1703\r\n1705\r\n1707\r\n1709\r\n1711\r\n1713\r\n1717\r\n1719\r\n1721\r\n1723\r\n1725\r\n1727\r\n1731\r\n1733\r\n1735\r\n1737\r\n1739\r\n1741\r\n1745\r\n1747\r\n1749\r\n1751\r\n1753\r\n1755\r\n1759\r\n1761\r\n1763\r\n1765\r\n1767\r\n1769\r\n1773\r\n1775\r\n1777\r\n1779\r\n1781\r\n1783\r\n1787\r\n1789\r\n1791\r\n1793\r\n1795\r\n1797\r\n1801\r\n1803\r\n1805\r\n1807\r\n1809\r\n1811\r\n1815\r\n1817\r\n1819\r\n1821\r\n1823\r\n1825\r\n1829\r\n1831\r\n1833\r\n1835\r\n1837\r\n1839\r\n1843\r\n1845\r\n1847\r\n1849\r\n1851\r\n1853\r\n1857\r\n1859\r\n1861\r\n1863\r\n1865\r\n1867\r\n1871\r\n1873\r\n1875\r\n1877\r\n1879\r\n1881\r\n1885\r\n1887\r\n1889\r\n1891\r\n1893\r\n1895\r\n1899\r\n1901\r\n1903\r\n1905\r\n1907\r\n1909\r\n1913\r\n1915\r\n1917\r\n1919\r\n1921\r\n1923\r\n1927\r\n1929\r\n1931\r\n1933\r\n1935\r\n1937\r\n1941\r\n1943\r\n1945\r\n1947\r\n1949\r\n1951\r\n1955\r\n1957\r\n1959\r\n1961\r\n1963\r\n1965\r\n1969\r\n1971\r\n1973\r\n1975\r\n1977\r\n1979\r\n1983\r\n1985\r\n1987\r\n1989\r\n1991\r\n1993\r\n1997\r\n1999\r\n2001\r\n2003\r\n2005\r\n2007\r\n2011\r\n2013\r\n2015\r\n2017\r\n2019\r\n2021\r\n2025\r\n2027\r\n2029\r\n2031\r\n2033\r\n2035\r\n2039\r\n2041\r\n2043\r\n2045\r\n2047\r\n2049\r\n2053\r\n2055\r\n2057\r\n2059\r\n2061\r\n2063\r\n2067\r\n2069\r\n2071\r\n2073\r\n2075\r\n2077\r\n2081\r\n2083\r\n2085\r\n2087\r\n2089\r\n2091\r\n2095\r\n2097\r\n2099\r\n2101\r\n2103\r\n2105\r\n2109\r\n2111\r\n2113\r\n2115\r\n2117\r\n2119\r\n2123\r\n2125\r\n2127\r\n2129\r\n2131\r\n2133\r\n2137\r\n2139\r\n2141\r\n2143\r\n2145\r\n2147\r\n2151\r\n2153\r\n2155\r\n2157\r\n2159\r\n2161\r\n2165\r\n2167\r\n2169\r\n2171\r\n2173\r\n2175\r\n2179\r\n2181\r\n2183\r\n2185\r\n2187\r\n2189\r\n2193\r\n2195\r\n2197\r\n2199\r\n2201\r\n2203\r\n2207\r\n2209\r\n2211\r\n2213\r\n2215\r\n2217\r\n2221\r\n2223\r\n2225\r\n2227\r\n2229\r\n2231\r\n2235\r\n2237\r\n2239\r\n2241\r\n2243\r\n2245\r\n2249\r\n2251\r\n2253\r\n2255\r\n2257\r\n2259\r\n2263\r\n2265\r\n2267\r\n2269\r\n2271\r\n2273\r\n2277\r\n2279\r\n2281\r\n2283\r\n2285\r\n2287\r\n2291\r\n2293\r\n2295\r\n2297\r\n2299\r\n2301\r\n2305\r\n2307\r\n2309\r\n2311\r\n2313\r\n2315\r\n2319\r\n2321\r\n2323\r\n2325\r\n2327\r\n2329\r\n2333\r\n2335\r\n2337\r\n2339\r\n2341\r\n2343\r\n2347\r\n2349\r\n2351\r\n2353\r\n2355\r\n2357\r\n2361\r\n2363\r\n2365\r\n2367\r\n2369\r\n2371\r\n2375\r\n2377\r\n2379\r\n2381\r\n2383\r\n2385\r\n2389\r\n2391\r\n2393\r\n2395\r\n2397\r\n2399\r\n2403\r\n2405\r\n2407\r\n2409\r\n2411\r\n2413\r\n2417\r\n2419\r\n2421\r\n2423\r\n2425\r\n2427\r\n2431\r\n2433\r\n2435\r\n2437\r\n2439\r\n2441\r\n2445\r\n2447\r\n2449\r\n2451\r\n2453\r\n2455\r\n2459\r\n2461\r\n2463\r\n2465\r\n2467\r\n2469\r\n2473\r\n2475\r\n2477\r\n2479\r\n2481\r\n2483\r\n2487\r\n2489\r\n2491\r\n2493\r\n2495\r\n2497\r\n2501\r\n2503\r\n2505\r\n2507\r\n2509\r\n2511\r\n2515\r\n2517\r\n2519\r\n2521\r\n2523\r\n2525\r\n2529\r\n2531\r\n2533\r\n2535\r\n2537\r\n2539\r\n2543\r\n2545\r\n2547\r\n2549\r\n2551\r\n2553\r\n2557\r\n2559\r\n2561\r\n2563\r\n2565\r\n2567\r\n2571\r\n2573\r\n2575\r\n2577\r\n2579\r\n2581\r\n2585\r\n2587\r\n2589\r\n2591\r\n2593\r\n2595\r\n2599\r\n2601\r\n2603\r\n2605\r\n2607\r\n2609\r\n2613\r\n2615\r\n2617\r\n2619\r\n2621\r\n2623\r\n2627\r\n2629\r\n2631\r\n2633\r\n2635\r\n2637\r\n2641\r\n2643\r\n2645\r\n2647\r\n2649\r\n2651\r\n2655\r\n2657\r\n2659\r\n2661\r\n2663\r\n2665\r\n2669\r\n2671\r\n2673\r\n2675\r\n2677\r\n2679\r\n2683\r\n2685\r\n2687\r\n2689\r\n2691\r\n2693\r\n2697\r\n2699\r\n2701\r\n2703\r\n2705\r\n2707\r\n2711\r\n2713\r\n2715\r\n2717\r\n2719\r\n2721\r\n2725\r\n2727\r\n2729\r\n2731\r\n2733\r\n2735\r\n2739\r\n2741\r\n2743\r\n2745\r\n2747\r\n2749\r\n2753\r\n2755\r\n2757\r\n2759\r\n2761\r\n2763\r\n2767\r\n2769\r\n2771\r\n2773\r\n2775\r\n2777\r\n2781\r\n2783\r\n2785\r\n2787\r\n2789\r\n2791\r\n2795\r\n2797\r\n2799\r\n2801\r\n2803\r\n2805\r\n2809\r\n2811\r\n2813\r\n2815\r\n2817\r\n2819\r\n2823\r\n2825\r\n2827\r\n2829\r\n2831\r\n2833\r\n2837\r\n2839\r\n2841\r\n2843\r\n2845\r\n2847\r\n2851\r\n2853\r\n2855\r\n2857\r\n2859\r\n2861\r\n2865\r\n2867\r\n2869\r\n2871\r\n2873\r\n2875\r\n2879\r\n2881\r\n2883\r\n2885\r\n2887\r\n2889\r\n2893\r\n2895\r\n2897\r\n2899\r\n2901\r\n2903\r\n2907\r\n2909\r\n2911\r\n2913\r\n2915\r\n2917\r\n2921\r\n2923\r\n2925\r\n2927\r\n2929\r\n2931\r\n2935\r\n2937\r\n2939\r\n2941\r\n2943\r\n2945\r\n2949\r\n2951\r\n2953\r\n2955\r\n2957\r\n2959\r\n2963\r\n2965\r\n2967\r\n2969\r\n2971\r\n2973\r\n2977\r\n2979\r\n2981\r\n2983\r\n2985\r\n2987\r\n2991\r\n2993\r\n2995\r\n2997\r\n2999\r\n3001\r\n3005\r\n3007\r\n3009\r\n3011\r\n3013\r\n3015\r\n3019\r\n3021\r\n3023\r\n3025\r\n3027\r\n3029\r\n3033\r\n3035\r\n3037\r\n3039\r\n3041\r\n3043\r\n3047\r\n3049\r\n3051\r\n3053\r\n3055\r\n3057\r\n3061\r\n3063\r\n3065\r\n3067\r\n3069\r\n3071\r\n3075\r\n3077\r\n3079\r\n3081\r\n3083\r\n3085\r\n3089\r\n3091\r\n3093\r\n3095\r\n3097\r\n3099\r\n3103\r\n3105\r\n3107\r\n3109\r\n3111\r\n3113\r\n3117\r\n3119\r\n3121\r\n3123\r\n3125\r\n3127\r\n3131\r\n3133\r\n3135\r\n3137\r\n3139\r\n3141\r\n3145\r\n3147\r\n3149\r\n3151\r\n3153\r\n3155\r\n3159\r\n3161\r\n3163\r\n3165\r\n3167\r\n3169\r\n3173\r\n3175\r\n3177\r\n3179\r\n3181\r\n3183\r\n3187\r\n3189\r\n3191\r\n3193\r\n3195\r\n3197\r\n3201\r\n3203\r\n3205\r\n3207\r\n3209\r\n3211\r\n3215\r\n3217\r\n3219\r\n3221\r\n3223\r\n3225\r\n3229\r\n3231\r\n3233\r\n3235\r\n3237\r\n3239\r\n3243\r\n3245\r\n3247\r\n3249\r\n3251\r\n3253\r\n3257\r\n3259\r\n3261\r\n3263\r\n3265\r\n3267\r\n3271\r\n3273\r\n3275\r\n3277\r\n3279\r\n3281\r\n3285\r\n3287\r\n3289\r\n3291\r\n3293\r\n3295\r\n3299\r\n3301\r\n3303\r\n3305\r\n3307\r\n3309\r\n3313\r\n3315\r\n3317\r\n3319\r\n3321\r\n3323\r\n3327\r\n3329\r\n3331\r\n3333\r\n3335\r\n3337\r\n3341\r\n3343\r\n3345\r\n3347\r\n3349\r\n3351\r\n3355\r\n3357\r\n3359\r\n3361\r\n3363\r\n3365\r\n3369\r\n3371\r\n3373\r\n3375\r\n3377\r\n3379\r\n3383\r\n3385\r\n3387\r\n3389\r\n3391\r\n3393\r\n3397\r\n3399\r\n3401\r\n3403\r\n3405\r\n3407\r\n3411\r\n3413\r\n3415\r\n3417\r\n3419\r\n3421\r\n3425\r\n3427\r\n3429\r\n3431\r\n3433\r\n3435\r\n3439\r\n3441\r\n3443\r\n3445\r\n3447\r\n3449\r\n3453\r\n3455\r\n3457\r\n3459\r\n3461\r\n3463\r\n3467\r\n3469\r\n3471\r\n3473\r\n3475\r\n3477\r\n3481\r\n3483\r\n3485\r\n3487\r\n3489\r\n3491\r\n3495\r\n3497\r\n3499\r\n3501\r\n3503\r\n3505\r\n3509\r\n3511\r\n3513\r\n3515\r\n3517\r\n3519\r\n3523\r\n3525\r\n3527\r\n3529\r\n3531\r\n3533\r\n3537\r\n3539\r\n3541\r\n3543\r\n3545\r\n3547\r\n3551\r\n3553\r\n3555\r\n3557\r\n3559\r\n3561\r\n3565\r\n3567\r\n3569\r\n3571\r\n3573\r\n3575\r\n3579\r\n3581\r\n3583\r\n3585\r\n3587\r\n3589\r\n3593\r\n3595\r\n3597\r\n3599\r\n3601\r\n3603\r\n3607\r\n3609\r\n3611\r\n3613\r\n3615\r\n3617\r\n3621\r\n3623\r\n3625\r\n3627\r\n3629\r\n3631\r\n3635\r\n3637\r\n3639\r\n3641\r\n3643\r\n3645\r\n3649\r\n3651\r\n3653\r\n3655\r\n3657\r\n3659\r\n3663\r\n3665\r\n3667\r\n3669\r\n3671\r\n3673\r\n3677\r\n3679\r\n3681\r\n3683\r\n3685\r\n3687\r\n3691\r\n3693\r\n3695\r\n3697\r\n3699\r\n3701\r\n3705\r\n3707\r\n3709\r\n3711\r\n3713\r\n3715\r\n3719\r\n3721\r\n3723\r\n3725\r\n3727\r\n3729\r\n3733\r\n3735\r\n3737\r\n3739\r\n3741\r\n3743\r\n3747\r\n3749\r\n3751\r\n3753\r\n3755\r\n3757\r\n3761\r\n3763\r\n3765\r\n3767\r\n3769\r\n3771\r\n3775\r\n3777\r\n3779\r\n3781\r\n3783\r\n3785\r\n3789\r\n3791\r\n3793\r\n3795\r\n3797\r\n3799\r\n3803\r\n3805\r\n3807\r\n3809\r\n3811\r\n3813\r\n3817\r\n3819\r\n3821\r\n3823\r\n3825\r\n3827\r\n3831\r\n3833\r\n3835\r\n3837\r\n3839\r\n3841\r\n3845\r\n3847\r\n3849\r\n3851\r\n3853\r\n3855\r\n3859\r\n3861\r\n3863\r\n3865\r\n3867\r\n3869\r\n3873\r\n3875\r\n3877\r\n3879\r\n3881\r\n3883\r\n3887\r\n3889\r\n3891\r\n3893\r\n3895\r\n3897\r\n3901\r\n3903\r\n3905\r\n3907\r\n3909\r\n3911\r\n3915\r\n3917\r\n3919\r\n3921\r\n3923\r\n3925\r\n3929\r\n3931\r\n3933\r\n3935\r\n3937\r\n3939\r\n3943\r\n3945\r\n3947\r\n3949\r\n3951\r\n3953\r\n3957\r\n3959\r\n3961\r\n3963\r\n3965\r\n3967\r\n3971\r\n3973\r\n3975\r\n3977\r\n3979\r\n3981\r\n3985\r\n3987\r\n3989\r\n3991\r\n3993\r\n3995\r\n3999\r\n4001\r\n4003\r\n4005\r\n4007\r\n4009\r\n4013\r\n4015\r\n4017\r\n4019\r\n4021\r\n4023\r\n4027\r\n4029\r\n4031\r\n4033\r\n4035\r\n4037\r\n4041\r\n4043\r\n4045\r\n4047\r\n4049\r\n4051\r\n4055\r\n4057\r\n4059\r\n4061\r\n4063\r\n4065\r\n4069\r\n4071\r\n4073\r\n4075\r\n4077\r\n4079\r\n4083\r\n4085\r\n4087\r\n4089\r\n4091\r\n4093\r\n4097\r\n4099\r\n4101\r\n4103\r\n4105\r\n4107\r\n4111\r\n4113\r\n4115\r\n4117\r\n4119\r\n4121\r\n4125\r\n4127\r\n4129\r\n4131\r\n4133\r\n4135\r\n4139\r\n4141\r\n4143\r\n4145\r\n4147\r\n4149\r\n4153\r\n4155\r\n4157\r\n4159\r\n4161\r\n4163\r\n4167\r\n4169\r\n4171\r\n4173\r\n4175\r\n4177\r\n4181\r\n4183\r\n4185\r\n4187\r\n4189\r\n4191\r\n4195\r\n4197\r\n4199\r\n4201\r\n4203\r\n4205\r\n4209\r\n4211\r\n4213\r\n4215\r\n4217\r\n4219\r\n4223\r\n4225\r\n4227\r\n4229\r\n4231\r\n4233\r\n4237\r\n4239\r\n4241\r\n4243\r\n4245\r\n4247\r\n4251\r\n4253\r\n4255\r\n4257\r\n4259\r\n4261\r\n4265\r\n4267\r\n4269\r\n4271\r\n4273\r\n4275\r\n4279\r\n4281\r\n4283\r\n4285\r\n4287\r\n4289\r\n4293\r\n4295\r\n4297\r\n4299\r\n4301\r\n4303\r\n4307\r\n4309\r\n4311\r\n4313\r\n4315\r\n4317\r\n4321\r\n4323\r\n4325\r\n4327\r\n4329\r\n4331\r\n4335\r\n4337\r\n4339\r\n4341\r\n4343\r\n4345\r\n4349\r\n4351\r\n4353\r\n4355\r\n4357\r\n4359\r\n4363\r\n4365\r\n4367\r\n4369\r\n4371\r\n4373\r\n4377\r\n4379\r\n4381\r\n4383\r\n4385\r\n4387\r\n4391\r\n4393\r\n4395\r\n4397\r\n4399\r\n4401\r\n4405\r\n4407\r\n4409\r\n4411\r\n4413\r\n4415\r\n4419\r\n4421\r\n4423\r\n4425\r\n4427\r\n4429\r\n4433\r\n4435\r\n4437\r\n4439\r\n4441\r\n4443\r\n4447\r\n4449\r\n4451\r\n4453\r\n4455\r\n4457\r\n4461\r\n4463\r\n4465\r\n4467\r\n4469\r\n4471\r\n4475\r\n4477\r\n4479\r\n4481\r\n4483\r\n4485\r\n4489\r\n4491\r\n4493\r\n4495\r\n4497\r\n4499\r\n4503\r\n4505\r\n4507\r\n4509\r\n4511\r\n4513\r\n4517\r\n4519\r\n4521\r\n4523\r\n4525\r\n4527\r\n4531\r\n4533\r\n4535\r\n4537\r\n4539\r\n4541\r\n4545\r\n4547\r\n4549\r\n4551\r\n4553\r\n4555\r\n4559\r\n4561\r\n4563\r\n4565\r\n4567\r\n4569\r\n4573\r\n4575\r\n4577\r\n4579\r\n4581\r\n4583\r\n4587\r\n4589\r\n4591\r\n4593\r\n4595\r\n4597\r\n4601\r\n4603\r\n4605\r\n4607\r\n4609\r\n4611\r\n4615\r\n4617\r\n4619\r\n4621\r\n4623\r\n4625\r\n4629\r\n4631\r\n4633\r\n4635\r\n4637\r\n4639\r\n4643\r\n4645\r\n4647\r\n4649\r\n4651\r\n4653\r\n4657\r\n4659\r\n4661\r\n4663\r\n4665\r\n4667\r\n4671\r\n4673\r\n4675\r\n4677\r\n4679\r\n4681\r\n4685\r\n4687\r\n4689\r\n4691\r\n4693\r\n4695\r\n4699\r\n4701\r\n4703\r\n4705\r\n4707\r\n4709\r\n4713\r\n4715\r\n4717\r\n4719\r\n4721\r\n4723\r\n4727\r\n4729\r\n4731\r\n4733\r\n4735\r\n4737\r\n4741\r\n4743\r\n4745\r\n4747\r\n4749\r\n4751\r\n4755\r\n4757\r\n4759\r\n4761\r\n4763\r\n4765\r\n4769\r\n4771\r\n4773\r\n4775\r\n4777\r\n4779\r\n4783\r\n4785\r\n4787\r\n4789\r\n4791\r\n4793\r\n4797\r\n4799\r\n4801\r\n4803\r\n4805\r\n4807\r\n4811\r\n4813\r\n4815\r\n4817\r\n4819\r\n4821\r\n4825\r\n4827\r\n4829\r\n4831\r\n4833\r\n4835\r\n4839\r\n4841\r\n4843\r\n4845\r\n4847\r\n4849\r\n4853\r\n4855\r\n4857\r\n4859\r\n4861\r\n4863\r\n4867\r\n4869\r\n4871\r\n4873\r\n4875\r\n4877\r\n4881\r\n4883\r\n4885\r\n4887\r\n4889\r\n4891\r\n4895\r\n4897\r\n4899\r\n4901\r\n4903\r\n4905\r\n4909\r\n4911\r\n4913\r\n4915\r\n4917\r\n4919\r\n4923\r\n4925\r\n4927\r\n4929\r\n4931\r\n4933\r\n4937\r\n4939\r\n4941\r\n4943\r\n4945\r\n4947\r\n4951\r\n4953\r\n4955\r\n4957\r\n4959\r\n4961\r\n4965\r\n4967\r\n4969\r\n4971\r\n4973\r\n4975\r\n4979\r\n4981\r\n4983\r\n4985\r\n4987\r\n4989\r\n4993\r\n4995\r\n4997\r\n4999\r\n5001\r\n5003\r\n5007\r\n5009\r\n5011\r\n5013\r\n5015\r\n5017\r\n5021\r\n5023\r\n5025\r\n5027\r\n5029\r\n5031\r\n5035\r\n5037\r\n5039\r\n5041\r\n5043\r\n5045\r\n5049\r\n5051\r\n5053\r\n5055\r\n5057\r\n5059\r\n5063\r\n5065\r\n5067\r\n5069\r\n5071\r\n5073\r\n5077\r\n5079\r\n5081\r\n5083\r\n5085\r\n5087\r\n5091\r\n5093\r\n5095\r\n5097\r\n5099\r\n5101\r\n5105\r\n5107\r\n5109\r\n5111\r\n5113\r\n5115\r\n5119\r\n5121\r\n5123\r\n5125\r\n5127\r\n5129\r\n5133\r\n5135\r\n5137\r\n5139\r\n5141\r\n5143\r\n5147\r\n5149\r\n5151\r\n5153\r\n5155\r\n5157\r\n5161\r\n5163\r\n5165\r\n5167\r\n5169\r\n5171\r\n5175\r\n5177\r\n5179\r\n5181\r\n5183\r\n5185\r\n5189\r\n5191\r\n5193\r\n5195\r\n5197\r\n5199\r\n5203\r\n5205\r\n5207\r\n5209\r\n5211\r\n5213\r\n5217\r\n5219\r\n5221\r\n5223\r\n5225\r\n5227\r\n5231\r\n5233\r\n5235\r\n5237\r\n5239\r\n5241\r\n5245\r\n5247\r\n5249\r\n5251\r\n5253\r\n5255\r\n5259\r\n5261\r\n5263\r\n5265\r\n5267\r\n5269\r\n5273\r\n5275\r\n5277\r\n5279\r\n5281\r\n5283\r\n5287\r\n5289\r\n5291\r\n5293\r\n5295\r\n5297\r\n5301\r\n5303\r\n5305\r\n5307\r\n5309\r\n5311\r\n5315\r\n5317\r\n5319\r\n5321\r\n5323\r\n5325\r\n5329\r\n5331\r\n5333\r\n5335\r\n5337\r\n5339\r\n5343\r\n5345\r\n5347\r\n5349\r\n5351\r\n5353\r\n5357\r\n5359\r\n5361\r\n5363\r\n5365\r\n5367\r\n5371\r\n5373\r\n5375\r\n5377\r\n5379\r\n5381\r\n5385\r\n5387\r\n5389\r\n5391\r\n5393\r\n5395\r\n5399\r\n5401\r\n5403\r\n5405\r\n5407\r\n5409\r\n5413\r\n5415\r\n5417\r\n5419\r\n5421\r\n5423\r\n5427\r\n5429\r\n5431\r\n5433\r\n5435\r\n5437\r\n5441\r\n5443\r\n5445\r\n5447\r\n5449\r\n5451\r\n5455\r\n5457\r\n5459\r\n5461\r\n5463\r\n5465\r\n5469\r\n5471\r\n5473\r\n5475\r\n5477\r\n5479\r\n5483\r\n5485\r\n5487\r\n5489\r\n5491\r\n5493\r\n5497\r\n5499\r\n5501\r\n5503\r\n5505\r\n5507\r\n5511\r\n5513\r\n5515\r\n5517\r\n5519\r\n5521\r\n5525\r\n5527\r\n5529\r\n5531\r\n5533\r\n5535\r\n5539\r\n5541\r\n5543\r\n5545\r\n5547\r\n5549\r\n5553\r\n5555\r\n5557\r\n5559\r\n5561\r\n5563\r\n5567\r\n5569\r\n5571\r\n5573\r\n5575\r\n5577\r\n5581\r\n5583\r\n5585\r\n5587\r\n5589\r\n5591\r\n5595\r\n5597\r\n5599\r\n5601\r\n5603\r\n5605\r\n5609\r\n5611\r\n5613\r\n5615\r\n5617\r\n5619\r\n5623\r\n5625\r\n5627\r\n5629\r\n5631\r\n5633\r\n5637\r\n5639\r\n5641\r\n5643\r\n5645\r\n5647\r\n5651\r\n5653\r\n5655\r\n5657\r\n5659\r\n5661\r\n5665\r\n5667\r\n5669\r\n5671\r\n5673\r\n5675\r\n5679\r\n5681\r\n5683\r\n5685\r\n5687\r\n5689\r\n5693\r\n5695\r\n5697\r\n5699\r\n5701\r\n5703\r\n5707\r\n5709\r\n5711\r\n5713\r\n5715\r\n5717\r\n5721\r\n5723\r\n5725\r\n5727\r\n5729\r\n5731\r\n5735\r\n5737\r\n5739\r\n5741\r\n5743\r\n5745\r\n5749\r\n5751\r\n5753\r\n5755\r\n5757\r\n5759\r\n5763\r\n5765\r\n5767\r\n5769\r\n5771\r\n5773\r\n5777\r\n5779\r\n5781\r\n5783\r\n5785\r\n5787\r\n5791\r\n5793\r\n5795\r\n5797\r\n5799\r\n5801\r\n5805\r\n5807\r\n5809\r\n5811\r\n5813\r\n5815\r\n5819\r\n5821\r\n5823\r\n5825\r\n5827\r\n5829\r\n5833\r\n5835\r\n5837\r\n5839\r\n5841\r\n5843\r\n5847\r\n5849\r\n5851\r\n5853\r\n5855\r\n5857\r\n5861\r\n5863\r\n5865\r\n5867\r\n5869\r\n5871\r\n5875\r\n5877\r\n5879\r\n5881\r\n5883\r\n5885\r\n5889\r\n5891\r\n5893\r\n5895\r\n5897\r\n5899\r\n5903\r\n5905\r\n5907\r\n5909\r\n5911\r\n5913\r\n5917\r\n5919\r\n5921\r\n5923\r\n5925\r\n5927\r\n5931\r\n5933\r\n5935\r\n5937\r\n5939\r\n5941\r\n5945\r\n5947\r\n5949\r\n5951\r\n5953\r\n5955\r\n5959\r\n5961\r\n5963\r\n5965\r\n5967\r\n5969\r\n5973\r\n5975\r\n5977\r\n5979\r\n5981\r\n5983\r\n5987\r\n5989\r\n5991\r\n5993\r\n5995\r\n5997\r\n6001\r\n6003\r\n6005\r\n6007\r\n6009\r\n6011\r\n6015\r\n6017\r\n6019\r\n6021\r\n6023\r\n6025\r\n6029\r\n6031\r\n6033\r\n6035\r\n6037\r\n6039\r\n6043\r\n6045\r\n6047\r\n6049\r\n6051\r\n6053\r\n6057\r\n6059\r\n6061\r\n6063\r\n6065\r\n6067\r\n6071\r\n6073\r\n6075\r\n6077\r\n6079\r\n6081\r\n6085\r\n6087\r\n6089\r\n6091\r\n6093\r\n6095\r\n6099\r\n6101\r\n6103\r\n6105\r\n6107\r\n6109\r\n6113\r\n6115\r\n6117\r\n6119\r\n6121\r\n6123\r\n6127\r\n6129\r\n6131\r\n6133\r\n6135\r\n6137\r\n6141\r\n6143\r\n6145\r\n6147\r\n6149\r\n6151\r\n6155\r\n6157\r\n6159\r\n6161\r\n6163\r\n6165\r\n6169\r\n6171\r\n6173\r\n6175\r\n6177\r\n6179\r\n6183\r\n6185\r\n6187\r\n6189\r\n6191\r\n6193\r\n6197\r\n6199\r\n6201\r\n6203\r\n6205\r\n6207\r\n6211\r\n6213\r\n6215\r\n6217\r\n6219\r\n6221\r\n6225\r\n6227\r\n6229\r\n6231\r\n6233\r\n6235\r\n6239\r\n6241\r\n6243\r\n6245\r\n6247\r\n6249\r\n6253\r\n6255\r\n6257\r\n6259\r\n6261\r\n6263\r\n6267\r\n6269\r\n6271\r\n6273\r\n6275\r\n6277\r\n6281\r\n6283\r\n6285\r\n6287\r\n6289\r\n6291\r\n6295\r\n6297\r\n6299\r\n6301\r\n6303\r\n6305\r\n6309\r\n6311\r\n6313\r\n6315\r\n6317\r\n6319\r\n6323\r\n6325\r\n6327\r\n6329\r\n6331\r\n6333\r\n6337\r\n6339\r\n6341\r\n6343\r\n6345\r\n6347\r\n6351\r\n6353\r\n6355\r\n6357\r\n6359\r\n6361\r\n6365\r\n6367\r\n6369\r\n6371\r\n6373\r\n6375\r\n6379\r\n6381\r\n6383\r\n6385\r\n6387\r\n6389\r\n6393\r\n6395\r\n6397\r\n6399\r\n6401\r\n6403\r\n6407\r\n6409\r\n6411\r\n6413\r\n6415\r\n6417\r\n6421\r\n6423\r\n6425\r\n6427\r\n6429\r\n6431\r\n6435\r\n6437\r\n6439\r\n6441\r\n6443\r\n6445\r\n6449\r\n6451\r\n6453\r\n6455\r\n6457\r\n6459\r\n6463\r\n6465\r\n6467\r\n6469\r\n6471\r\n6473\r\n6477\r\n6479\r\n6481\r\n6483\r\n6485\r\n6487\r\n6491\r\n6493\r\n6495\r\n6497\r\n6499\r\n6501\r\n6505\r\n6507\r\n6509\r\n6511\r\n6513\r\n6515\r\n6519\r\n6521\r\n6523\r\n6525\r\n6527\r\n6529\r\n6533\r\n6535\r\n6537\r\n6539\r\n6541\r\n6543\r\n6547\r\n6549\r\n6551\r\n6553\r\n6555\r\n6557\r\n6561\r\n6563\r\n6565\r\n6567\r\n6569\r\n6571\r\n6575\r\n6577\r\n6579\r\n6581\r\n6583\r\n6585\r\n6589\r\n6591\r\n6593\r\n6595\r\n6597\r\n6599\r\n6603\r\n6605\r\n6607\r\n6609\r\n6611\r\n6613\r\n6617\r\n6619\r\n6621\r\n6623\r\n6625\r\n6627\r\n6631\r\n6633\r\n6635\r\n6637\r\n6639\r\n6641\r\n6645\r\n6647\r\n6649\r\n6651\r\n6653\r\n6655\r\n6659\r\n6661\r\n6663\r\n6665\r\n6667\r\n6669\r\n6673\r\n6675\r\n6677\r\n6679\r\n6681\r\n6683\r\n6687\r\n6689\r\n6691\r\n6693\r\n6695\r\n6697\r\n6701\r\n6703\r\n6705\r\n6707\r\n6709\r\n6711\r\n6715\r\n6717\r\n6719\r\n6721\r\n6723\r\n6725\r\n6729\r\n6731\r\n6733\r\n6735\r\n6737\r\n6739\r\n6743\r\n6745\r\n6747\r\n6749\r\n6751\r\n6753\r\n6757\r\n6759\r\n6761\r\n6763\r\n6765\r\n6767\r\n6771\r\n6773\r\n6775\r\n6777\r\n6779\r\n6781\r\n6785\r\n6787\r\n6789\r\n6791\r\n6793\r\n6795\r\n6799\r\n6801\r\n6803\r\n6805\r\n6807\r\n6809\r\n6813\r\n6815\r\n6817\r\n6819\r\n6821\r\n6823\r\n6827\r\n6829\r\n6831\r\n6833\r\n6835\r\n6837\r\n6841\r\n6843\r\n6845\r\n6847\r\n6849\r\n6851\r\n6855\r\n6857\r\n6859\r\n6861\r\n6863\r\n6865\r\n6869\r\n6871\r\n6873\r\n6875\r\n6877\r\n6879\r\n6883\r\n6885\r\n6887\r\n6889\r\n6891\r\n6893\r\n6897\r\n6899\r\n6901\r\n6903\r\n6905\r\n6907\r\n6911\r\n6913\r\n6915\r\n6917\r\n6919\r\n6921\r\n6925\r\n6927\r\n6929\r\n6931\r\n6933\r\n6935\r\n6939\r\n6941\r\n6943\r\n6945\r\n6947\r\n6949\r\n6953\r\n6955\r\n6957\r\n6959\r\n6961\r\n6963\r\n6967\r\n6969\r\n6971\r\n6973\r\n6975\r\n6977\r\n6981\r\n6983\r\n6985\r\n6987\r\n6989\r\n6991\r\n6995\r\n6997\r\n6999\r\n7001\r\n7003\r\n7005\r\n7009\r\n7011\r\n7013\r\n7015\r\n7017\r\n7019\r\n7023\r\n7025\r\n7027\r\n7029\r\n7031\r\n7033\r\n7037\r\n7039\r\n7041\r\n7043\r\n7045\r\n7047\r\n7051\r\n7053\r\n7055\r\n7057\r\n7059\r\n7061\r\n7065\r\n7067\r\n7069\r\n7071\r\n7073\r\n7075\r\n7079\r\n7081\r\n7083\r\n7085\r\n7087\r\n7089\r\n7093\r\n7095\r\n7097\r\n7099\r\n7101\r\n7103\r\n7107\r\n7109\r\n7111\r\n7113\r\n7115\r\n7117\r\n7121\r\n7123\r\n7125\r\n7127\r\n7129\r\n7131\r\n7135\r\n7137\r\n7139\r\n7141\r\n7143\r\n7145\r\n7149\r\n7151\r\n7153\r\n7155\r\n7157\r\n7159\r\n7163\r\n7165\r\n7167\r\n7169\r\n7171\r\n7173\r\n7177\r\n7179\r\n7181\r\n7183\r\n7185\r\n7187\r\n7191\r\n7193\r\n7195\r\n7197\r\n7199\r\n7201\r\n7205\r\n7207\r\n7209\r\n7211\r\n7213\r\n7215\r\n7219\r\n7221\r\n7223\r\n7225\r\n7227\r\n7229\r\n7233\r\n7235\r\n7237\r\n7239\r\n7241\r\n7243\r\n7247\r\n7249\r\n7251\r\n7253\r\n7255\r\n7257\r\n7261\r\n7263\r\n7265\r\n7267\r\n7269\r\n7271\r\n7275\r\n7277\r\n7279\r\n7281\r\n7283\r\n7285\r\n7289\r\n7291\r\n7293\r\n7295\r\n7297\r\n7299\r\n7303\r\n7305\r\n7307\r\n7309\r\n7311\r\n7313\r\n7317\r\n7319\r\n7321\r\n7323\r\n7325\r\n7327\r\n7331\r\n7333\r\n7335\r\n7337\r\n7339\r\n7341\r\n7345\r\n7347\r\n7349\r\n7351\r\n7353\r\n7355\r\n7359\r\n7361\r\n7363\r\n7365\r\n7367\r\n7369\r\n7373\r\n7375\r\n7377\r\n7379\r\n7381\r\n7383\r\n7387\r\n7389\r\n7391\r\n7393\r\n7395\r\n7397\r\n7401\r\n7403\r\n7405\r\n7407\r\n7409\r\n7411\r\n7415\r\n7417\r\n7419\r\n7421\r\n7423\r\n7425\r\n7429\r\n7431\r\n7433\r\n7435\r\n7437\r\n7439\r\n7443\r\n7445\r\n7447\r\n7449\r\n7451\r\n7453\r\n7457\r\n7459\r\n7461\r\n7463\r\n7465\r\n7467\r\n7471\r\n7473\r\n7475\r\n7477\r\n7479\r\n7481\r\n7485\r\n7487\r\n7489\r\n7491\r\n7493\r\n7495\r\n7499\r\n7501\r\n7503\r\n7505\r\n7507\r\n7509\r\n7513\r\n7515\r\n7517\r\n7519\r\n7521\r\n7523\r\n7527\r\n7529\r\n7531\r\n7533\r\n7535\r\n7537\r\n7541\r\n7543\r\n7545\r\n7547\r\n7549\r\n7551\r\n7555\r\n7557\r\n7559\r\n7561\r\n7563\r\n7565\r\n7569\r\n7571\r\n7573\r\n7575\r\n7577\r\n7579\r\n7583\r\n7585\r\n7587\r\n7589\r\n7591\r\n7593\r\n7597\r\n7599\r\n7601\r\n7603\r\n7605\r\n7607\r\n7611\r\n7613\r\n7615\r\n7617\r\n7619\r\n7621\r\n7625\r\n7627\r\n7629\r\n7631\r\n7633\r\n7635\r\n7639\r\n7641\r\n7643\r\n7645\r\n7647\r\n7649\r\n7653\r\n7655\r\n7657\r\n7659\r\n7661\r\n7663\r\n7667\r\n7669\r\n7671\r\n7673\r\n7675\r\n7677\r\n7681\r\n7683\r\n7685\r\n7687\r\n7689\r\n7691\r\n7695\r\n7697\r\n7699\r\n7701\r\n7703\r\n7705\r\n7709\r\n7711\r\n7713\r\n7715\r\n7717\r\n7719\r\n7723\r\n7725\r\n7727\r\n7729\r\n7731\r\n7733\r\n7737\r\n7739\r\n7741\r\n7743\r\n7745\r\n7747\r\n7751\r\n7753\r\n7755\r\n7757\r\n7759\r\n7761\r\n7765\r\n7767\r\n7769\r\n7771\r\n7773\r\n7775\r\n7779\r\n7781\r\n7783\r\n7785\r\n7787\r\n7789\r\n7793\r\n7795\r\n7797\r\n7799\r\n7801\r\n7803\r\n7807\r\n7809\r\n7811\r\n7813\r\n7815\r\n7817\r\n7821\r\n7823\r\n7825\r\n7827\r\n7829\r\n7831\r\n7835\r\n7837\r\n7839\r\n7841\r\n7843\r\n7845\r\n7849\r\n7851\r\n7853\r\n7855\r\n7857\r\n7859\r\n7863\r\n7865\r\n7867\r\n7869\r\n7871\r\n7873\r\n7877\r\n7879\r\n7881\r\n7883\r\n7885\r\n7887\r\n7891\r\n7893\r\n7895\r\n7897\r\n7899\r\n7901\r\n7905\r\n7907\r\n7909\r\n7911\r\n7913\r\n7915\r\n7919\r\n7921\r\n7923\r\n7925\r\n7927\r\n7929\r\n7933\r\n7935\r\n7937\r\n7939\r\n7941\r\n7943\r\n7947\r\n7949\r\n7951\r\n7953\r\n7955\r\n7957\r\n7961\r\n7963\r\n7965\r\n7967\r\n7969\r\n7971\r\n7975\r\n7977\r\n7979\r\n7981\r\n7983\r\n7985\r\n7989\r\n7991\r\n7993\r\n7995\r\n7997\r\n7999\r\n8003\r\n8005\r\n8007\r\n8009\r\n8011\r\n8013\r\n8017\r\n8019\r\n8021\r\n8023\r\n8025\r\n8027\r\n8031\r\n8033\r\n8035\r\n8037\r\n8039\r\n8041\r\n8045\r\n8047\r\n8049\r\n8051\r\n8053\r\n8055\r\n8059\r\n8061\r\n8063\r\n8065\r\n8067\r\n8069\r\n8073\r\n8075\r\n8077\r\n8079\r\n8081\r\n8083\r\n8087\r\n8089\r\n8091\r\n8093\r\n8095\r\n8097\r\n8101\r\n8103\r\n8105\r\n8107\r\n8109\r\n8111\r\n8115\r\n8117\r\n8119\r\n8121\r\n8123\r\n8125\r\n8129\r\n8131\r\n8133\r\n8135\r\n8137\r\n8139\r\n8143\r\n8145\r\n8147\r\n8149\r\n8151\r\n8153\r\n8157\r\n8159\r\n8161\r\n8163\r\n8165\r\n8167\r\n8171\r\n8173\r\n8175\r\n8177\r\n8179\r\n8181\r\n8185\r\n8187\r\n8189\r\n8191\r\n8193\r\n8195\r\n8199\r\n8201\r\n8203\r\n8205\r\n8207\r\n8209\r\n8213\r\n8215\r\n8217\r\n8219\r\n8221\r\n8223\r\n8227\r\n8229\r\n8231\r\n8233\r\n8235\r\n8237\r\n8241\r\n8243\r\n8245\r\n8247\r\n8249\r\n8251\r\n8255\r\n8257\r\n8259\r\n8261\r\n8263\r\n8265\r\n8269\r\n8271\r\n8273\r\n8275\r\n8277\r\n8279\r\n8283\r\n8285\r\n8287\r\n8289\r\n8291\r\n8293\r\n8297\r\n8299\r\n8301\r\n8303\r\n8305\r\n8307\r\n8311\r\n8313\r\n8315\r\n8317\r\n8319\r\n8321\r\n8325\r\n8327\r\n8329\r\n8331\r\n8333\r\n8335\r\n8339\r\n8341\r\n8343\r\n8345\r\n8347\r\n8349\r\n8353\r\n8355\r\n8357\r\n8359\r\n8361\r\n8363\r\n8367\r\n8369\r\n8371\r\n8373\r\n8375\r\n8377\r\n8381\r\n8383\r\n8385\r\n8387\r\n8389\r\n8391\r\n8395\r\n8397\r\n8399\r\n8401\r\n8403\r\n8405\r\n8409\r\n8411\r\n8413\r\n8415\r\n8417\r\n8419\r\n8423\r\n8425\r\n8427\r\n8429\r\n8431\r\n8433\r\n8437\r\n8439\r\n8441\r\n8443\r\n8445\r\n8447\r\n8451\r\n8453\r\n8455\r\n8457\r\n8459\r\n8461\r\n8465\r\n8467\r\n8469\r\n8471\r\n8473\r\n8475\r\n8479\r\n8481\r\n8483\r\n8485\r\n8487\r\n8489\r\n8493\r\n8495\r\n8497\r\n8499\r\n8501\r\n8503\r\n8507\r\n8509\r\n8511\r\n8513\r\n8515\r\n8517\r\n8521\r\n8523\r\n8525\r\n8527\r\n8529\r\n8531\r\n8535\r\n8537\r\n8539\r\n8541\r\n8543\r\n8545\r\n8549\r\n8551\r\n8553\r\n8555\r\n8557\r\n8559\r\n8563\r\n8565\r\n8567\r\n8569\r\n8571\r\n8573\r\n8577\r\n8579\r\n8581\r\n8583\r\n8585\r\n8587\r\n8591\r\n8593\r\n8595\r\n8597\r\n8599\r\n8601\r\n8605\r\n8607\r\n8609\r\n8611\r\n8613\r\n8615\r\n8619\r\n8621\r\n8623\r\n8625\r\n8627\r\n8629\r\n8633\r\n8635\r\n8637\r\n8639\r\n8641\r\n8643\r\n8647\r\n8649\r\n8651\r\n8653\r\n8655\r\n8657\r\n8661\r\n8663\r\n8665\r\n8667\r\n8669\r\n8671\r\n8675\r\n8677\r\n8679\r\n8681\r\n8683\r\n8685\r\n8689\r\n8691\r\n8693\r\n8695\r\n8697\r\n8699\r\n8703\r\n8705\r\n8707\r\n8709\r\n8711\r\n8713\r\n8717\r\n8719\r\n8721\r\n8723\r\n8725\r\n8727\r\n8731\r\n8733\r\n8735\r\n8737\r\n8739\r\n8741\r\n8745\r\n8747\r\n8749\r\n8751\r\n8753\r\n8755\r\n8759\r\n8761\r\n8763\r\n8765\r\n8767\r\n8769\r\n8773\r\n8775\r\n8777\r\n8779\r\n8781\r\n8783\r\n8787\r\n8789\r\n8791\r\n8793\r\n8795\r\n8797\r\n8801\r\n8803\r\n8805\r\n8807\r\n8809\r\n8811\r\n8815\r\n8817\r\n8819\r\n8821\r\n8823\r\n8825\r\n8829\r\n8831\r\n8833\r\n8835\r\n8837\r\n8839\r\n8843\r\n8845\r\n8847\r\n8849\r\n8851\r\n8853\r\n8857\r\n8859\r\n8861\r\n8863\r\n8865\r\n8867\r\n8871\r\n8873\r\n8875\r\n8877\r\n8879\r\n8881\r\n8885\r\n8887\r\n8889\r\n8891\r\n8893\r\n8895\r\n8899\r\n8901\r\n8903\r\n8905\r\n8907\r\n8909\r\n8913\r\n8915\r\n8917\r\n8919\r\n8921\r\n8923\r\n8927\r\n8929\r\n8931\r\n8933\r\n8935\r\n8937\r\n8941\r\n8943\r\n8945\r\n8947\r\n8949\r\n8951\r\n8955\r\n8957\r\n8959\r\n8961\r\n8963\r\n8965\r\n8969\r\n8971\r\n8973\r\n8975\r\n8977\r\n8979\r\n8983\r\n8985\r\n8987\r\n8989\r\n8991\r\n8993\r\n8997\r\n8999\r\n9001\r\n9003\r\n9005\r\n9007\r\n9011\r\n9013\r\n9015\r\n9017\r\n9019\r\n9021\r\n9025\r\n9027\r\n9029\r\n9031\r\n9033\r\n9035\r\n9039\r\n9041\r\n9043\r\n9045\r\n9047\r\n9049\r\n9053\r\n9055\r\n9057\r\n9059\r\n9061\r\n9063\r\n9067\r\n9069\r\n9071\r\n9073\r\n9075\r\n9077\r\n9081\r\n9083\r\n9085\r\n9087\r\n9089\r\n9091\r\n9095\r\n9097\r\n9099\r\n9101\r\n9103\r\n9105\r\n9109\r\n9111\r\n9113\r\n9115\r\n9117\r\n9119\r\n9123\r\n9125\r\n9127\r\n9129\r\n9131\r\n9133\r\n9137\r\n9139\r\n9141\r\n9143\r\n9145\r\n9147\r\n9151\r\n9153\r\n9155\r\n9157\r\n9159\r\n9161\r\n9165\r\n9167\r\n9169\r\n9171\r\n9173\r\n9175\r\n9179\r\n9181\r\n9183\r\n9185\r\n9187\r\n9189\r\n9193\r\n9195\r\n9197\r\n9199\r\n9201\r\n9203\r\n9207\r\n9209\r\n9211\r\n9213\r\n9215\r\n9217\r\n9221\r\n9223\r\n9225\r\n9227\r\n9229\r\n9231\r\n9235\r\n9237\r\n9239\r\n9241\r\n9243\r\n9245\r\n9249\r\n9251\r\n9253\r\n9255\r\n9257\r\n9259\r\n9263\r\n9265\r\n9267\r\n9269\r\n9271\r\n9273\r\n9277\r\n9279\r\n9281\r\n9283\r\n9285\r\n9287\r\n9291\r\n9293\r\n9295\r\n9297\r\n9299\r\n9301\r\n9305\r\n9307\r\n9309\r\n9311\r\n9313\r\n9315\r\n9319\r\n9321\r\n9323\r\n9325\r\n9327\r\n9329\r\n9333\r\n9335\r\n9337\r\n9339\r\n9341\r\n9343\r\n9347\r\n9349\r\n9351\r\n9353\r\n9355\r\n9357\r\n9361\r\n9363\r\n9365\r\n9367\r\n9369\r\n9371\r\n9375\r\n9377\r\n9379\r\n9381\r\n9383\r\n9385\r\n9389\r\n9391\r\n9393\r\n9395\r\n9397\r\n9399\r\n9403\r\n9405\r\n9407\r\n9409\r\n9411\r\n9413\r\n9417\r\n9419\r\n9421\r\n9423\r\n9425\r\n9427\r\n9431\r\n9433\r\n9435\r\n9437\r\n9439\r\n9441\r\n9445\r\n9447\r\n9449\r\n9451\r\n9453\r\n9455\r\n9459\r\n9461\r\n9463\r\n9465\r\n9467\r\n9469\r\n9473\r\n9475\r\n9477\r\n9479\r\n9481\r\n9483\r\n9487\r\n9489\r\n9491\r\n9493\r\n9495\r\n9497\r\n9501\r\n9503\r\n9505\r\n9507\r\n9509\r\n9511\r\n9515\r\n9517\r\n9519\r\n9521\r\n9523\r\n9525\r\n9529\r\n9531\r\n9533\r\n9535\r\n9537\r\n9539\r\n9543\r\n9545\r\n9547\r\n9549\r\n9551\r\n9553\r\n9557\r\n9559\r\n9561\r\n9563\r\n9565\r\n9567\r\n9571\r\n9573\r\n9575\r\n9577\r\n9579\r\n9581\r\n9585\r\n9587\r\n9589\r\n9591\r\n9593\r\n9595\r\n9599\r\n9601\r\n9603\r\n9605\r\n9607\r\n9609\r\n9613\r\n9615\r\n9617\r\n9619\r\n9621\r\n9623\r\n9627\r\n9629\r\n9631\r\n9633\r\n9635\r\n9637\r\n9641\r\n9643\r\n9645\r\n9647\r\n9649\r\n9651\r\n9655\r\n9657\r\n9659\r\n9661\r\n9663\r\n9665\r\n9669\r\n9671\r\n9673\r\n9675\r\n9677\r\n9679\r\n9683\r\n9685\r\n9687\r\n9689\r\n9691\r\n9693\r\n9697\r\n9699\r\n9701\r\n9703\r\n9705\r\n9707\r\n9711\r\n9713\r\n9715\r\n9717\r\n9719\r\n9721\r\n9725\r\n9727\r\n9729\r\n9731\r\n9733\r\n9735\r\n9739\r\n9741\r\n9743\r\n9745\r\n9747\r\n9749\r\n9753\r\n9755\r\n9757\r\n9759\r\n9761\r\n9763\r\n9767\r\n9769\r\n9771\r\n9773\r\n9775\r\n9777\r\n9781\r\n9783\r\n9785\r\n9787\r\n9789\r\n9791\r\n9795\r\n9797\r\n9799\r\n9801\r\n9803\r\n9805\r\n9809\r\n9811\r\n9813\r\n9815\r\n9817\r\n9819\r\n9823\r\n9825\r\n9827\r\n9829\r\n9831\r\n9833\r\n9837\r\n9839\r\n9841\r\n9843\r\n9845\r\n9847\r\n9851\r\n9853\r\n9855\r\n9857\r\n9859\r\n9861\r\n9865\r\n9867\r\n9869\r\n9871\r\n9873\r\n9875\r\n9879\r\n9881\r\n9883\r\n9885\r\n9887\r\n9889\r\n9893\r\n9895\r\n9897\r\n9899\r\n9901\r\n9903\r\n9907\r\n9909\r\n9911\r\n9913\r\n9915\r\n9917\r\n9921\r\n9923\r\n9925\r\n9927\r\n9929\r\n9931\r\n9935\r\n9937\r\n9939\r\n9941\r\n9943\r\n9945\r\n9949\r\n9951\r\n9953\r\n9955\r\n9957\r\n9959\r\n9963\r\n9965\r\n9967\r\n9969\r\n9971\r\n9973\r\n9977\r\n9979\r\n9981\r\n9983\r\n9985\r\n9987\r\n9991\r\n9993\r\n9995\r\n9997\r\n9999'),
(2, 'Ciferace', 'Na vstup proveď operaci ''Ciferace''. Ta se spočítá jako součet všech cifer rekurzivně, dokud nevyjde jednociferné číslo. Př. 59 = 5 + 9 = 14 = 1 + 4 = 5', '59', '5', '314159265', '9'),
(3, 'Agnes ještě neprvočíslila', 'Vypiš prvočísla (každé na nové řádce) do N (daným vstupem), která v sobě obsahují jiné prvočíslo větší než 10. Např. prvočíslo 293 obsahuje prvočíslo 29.', '120', '113', '10000', '113\r\n131\r\n137\r\n139\r\n167\r\n173\r\n179\r\n191\r\n193\r\n197\r\n199\r\n211\r\n223\r\n229\r\n233\r\n239\r\n241\r\n271\r\n283\r\n293\r\n311\r\n313\r\n317\r\n331\r\n337\r\n347\r\n353\r\n359\r\n367\r\n373\r\n379\r\n383\r\n389\r\n397\r\n419\r\n431\r\n433\r\n439\r\n443\r\n461\r\n467\r\n479\r\n523\r\n541\r\n547\r\n571\r\n593\r\n599\r\n613\r\n617\r\n619\r\n631\r\n641\r\n643\r\n647\r\n653\r\n659\r\n661\r\n673\r\n677\r\n683\r\n719\r\n733\r\n739\r\n743\r\n761\r\n773\r\n797\r\n811\r\n823\r\n829\r\n839\r\n853\r\n859\r\n883\r\n911\r\n919\r\n929\r\n937\r\n941\r\n947\r\n953\r\n967\r\n971\r\n977\r\n983\r\n997\r\n1013\r\n1019\r\n1031\r\n1033\r\n1039\r\n1061\r\n1091\r\n1093\r\n1097\r\n1103\r\n1109\r\n1117\r\n1123\r\n1129\r\n1151\r\n1153\r\n1163\r\n1171\r\n1181\r\n1187\r\n1193\r\n1213\r\n1217\r\n1223\r\n1229\r\n1231\r\n1237\r\n1259\r\n1277\r\n1279\r\n1283\r\n1289\r\n1291\r\n1297\r\n1301\r\n1303\r\n1307\r\n1319\r\n1321\r\n1327\r\n1361\r\n1367\r\n1373\r\n1381\r\n1399\r\n1409\r\n1423\r\n1429\r\n1433\r\n1439\r\n1447\r\n1453\r\n1459\r\n1471\r\n1483\r\n1487\r\n1489\r\n1493\r\n1499\r\n1511\r\n1523\r\n1531\r\n1543\r\n1553\r\n1559\r\n1567\r\n1571\r\n1579\r\n1583\r\n1597\r\n1601\r\n1607\r\n1613\r\n1619\r\n1637\r\n1667\r\n1697\r\n1709\r\n1721\r\n1723\r\n1733\r\n1741\r\n1747\r\n1753\r\n1759\r\n1777\r\n1783\r\n1787\r\n1789\r\n1811\r\n1823\r\n1831\r\n1847\r\n1861\r\n1867\r\n1871\r\n1873\r\n1877\r\n1879\r\n1889\r\n1901\r\n1907\r\n1913\r\n1931\r\n1933\r\n1949\r\n1951\r\n1973\r\n1979\r\n1987\r\n1993\r\n1997\r\n1999\r\n2011\r\n2017\r\n2029\r\n2053\r\n2083\r\n2089\r\n2111\r\n2113\r\n2129\r\n2131\r\n2137\r\n2141\r\n2143\r\n2153\r\n2161\r\n2179\r\n2213\r\n2237\r\n2239\r\n2243\r\n2251\r\n2267\r\n2269\r\n2273\r\n2281\r\n2293\r\n2297\r\n2309\r\n2311\r\n2333\r\n2339\r\n2341\r\n2347\r\n2351\r\n2357\r\n2371\r\n2377\r\n2381\r\n2383\r\n2389\r\n2393\r\n2399\r\n2411\r\n2417\r\n2423\r\n2437\r\n2441\r\n2447\r\n2459\r\n2467\r\n2473\r\n2477\r\n2503\r\n2521\r\n2531\r\n2539\r\n2543\r\n2557\r\n2579\r\n2591\r\n2593\r\n2617\r\n2633\r\n2647\r\n2659\r\n2671\r\n2677\r\n2683\r\n2689\r\n2693\r\n2699\r\n2711\r\n2713\r\n2719\r\n2729\r\n2731\r\n2741\r\n2753\r\n2767\r\n2777\r\n2789\r\n2791\r\n2797\r\n2819\r\n2833\r\n2837\r\n2843\r\n2857\r\n2861\r\n2879\r\n2887\r\n2897\r\n2903\r\n2909\r\n2917\r\n2927\r\n2939\r\n2953\r\n2957\r\n2963\r\n2969\r\n2971\r\n2999\r\n3011\r\n3019\r\n3023\r\n3037\r\n3041\r\n3061\r\n3067\r\n3079\r\n3083\r\n3089\r\n3109\r\n3119\r\n3121\r\n3137\r\n3163\r\n3167\r\n3169\r\n3181\r\n3187\r\n3191\r\n3217\r\n3229\r\n3251\r\n3253\r\n3257\r\n3259\r\n3271\r\n3299\r\n3307\r\n3313\r\n3319\r\n3323\r\n3329\r\n3331\r\n3343\r\n3347\r\n3359\r\n3361\r\n3371\r\n3373\r\n3389\r\n3413\r\n3433\r\n3449\r\n3457\r\n3461\r\n3463\r\n3467\r\n3491\r\n3499\r\n3511\r\n3517\r\n3529\r\n3533\r\n3539\r\n3541\r\n3547\r\n3557\r\n3559\r\n3571\r\n3583\r\n3593\r\n3607\r\n3613\r\n3617\r\n3623\r\n3631\r\n3637\r\n3643\r\n3659\r\n3671\r\n3673\r\n3677\r\n3691\r\n3697\r\n3701\r\n3709\r\n3719\r\n3727\r\n3733\r\n3739\r\n3761\r\n3767\r\n3769\r\n3779\r\n3793\r\n3797\r\n3821\r\n3823\r\n3833\r\n3847\r\n3853\r\n3863\r\n3877\r\n3881\r\n3889\r\n3907\r\n3911\r\n3917\r\n3919\r\n3923\r\n3929\r\n3931\r\n3943\r\n3947\r\n3967\r\n3989\r\n4013\r\n4019\r\n4073\r\n4079\r\n4091\r\n4093\r\n4099\r\n4111\r\n4127\r\n4129\r\n4133\r\n4139\r\n4153\r\n4157\r\n4159\r\n4177\r\n4211\r\n4217\r\n4219\r\n4229\r\n4231\r\n4241\r\n4243\r\n4253\r\n4259\r\n4261\r\n4271\r\n4273\r\n4283\r\n4289\r\n4297\r\n4327\r\n4337\r\n4339\r\n4349\r\n4357\r\n4363\r\n4373\r\n4391\r\n4397\r\n4409\r\n4421\r\n4423\r\n4441\r\n4447\r\n4457\r\n4463\r\n4483\r\n4493\r\n4513\r\n4517\r\n4519\r\n4523\r\n4547\r\n4561\r\n4567\r\n4583\r\n4591\r\n4597\r\n4637\r\n4639\r\n4643\r\n4673\r\n4679\r\n4691\r\n4703\r\n4721\r\n4723\r\n4729\r\n4733\r\n4751\r\n4759\r\n4783\r\n4787\r\n4789\r\n4793\r\n4799\r\n4813\r\n4817\r\n4831\r\n4861\r\n4871\r\n4877\r\n4889\r\n4919\r\n4931\r\n4937\r\n4943\r\n4967\r\n4973\r\n4993\r\n4999\r\n5011\r\n5023\r\n5039\r\n5059\r\n5099\r\n5101\r\n5107\r\n5113\r\n5119\r\n5147\r\n5153\r\n5167\r\n5171\r\n5179\r\n5189\r\n5197\r\n5227\r\n5231\r\n5233\r\n5237\r\n5261\r\n5273\r\n5279\r\n5281\r\n5297\r\n5303\r\n5309\r\n5323\r\n5333\r\n5347\r\n5351\r\n5381\r\n5387\r\n5393\r\n5399\r\n5413\r\n5417\r\n5419\r\n5431\r\n5437\r\n5441\r\n5443\r\n5449\r\n5471\r\n5477\r\n5479\r\n5483\r\n5503\r\n5519\r\n5521\r\n5531\r\n5557\r\n5563\r\n5569\r\n5573\r\n5591\r\n5623\r\n5639\r\n5641\r\n5647\r\n5653\r\n5659\r\n5683\r\n5689\r\n5693\r\n5701\r\n5711\r\n5717\r\n5737\r\n5741\r\n5743\r\n5779\r\n5783\r\n5791\r\n5813\r\n5821\r\n5827\r\n5839\r\n5843\r\n5857\r\n5861\r\n5867\r\n5879\r\n5881\r\n5897\r\n5903\r\n5923\r\n5927\r\n5939\r\n5953\r\n5981\r\n5987\r\n6011\r\n6029\r\n6037\r\n6043\r\n6047\r\n6053\r\n6067\r\n6073\r\n6079\r\n6089\r\n6101\r\n6113\r\n6121\r\n6131\r\n6133\r\n6143\r\n6151\r\n6163\r\n6173\r\n6197\r\n6199\r\n6211\r\n6217\r\n6229\r\n6247\r\n6257\r\n6263\r\n6269\r\n6271\r\n6277\r\n6299\r\n6311\r\n6317\r\n6323\r\n6329\r\n6337\r\n6343\r\n6353\r\n6359\r\n6361\r\n6367\r\n6373\r\n6379\r\n6389\r\n6397\r\n6421\r\n6449\r\n6473\r\n6491\r\n6521\r\n6529\r\n6547\r\n6553\r\n6563\r\n6569\r\n6571\r\n6577\r\n6599\r\n6607\r\n6619\r\n6637\r\n6653\r\n6659\r\n6661\r\n6673\r\n6679\r\n6689\r\n6691\r\n6701\r\n6703\r\n6709\r\n6719\r\n6733\r\n6737\r\n6761\r\n6763\r\n6779\r\n6781\r\n6791\r\n6793\r\n6823\r\n6827\r\n6829\r\n6833\r\n6841\r\n6857\r\n6863\r\n6871\r\n6883\r\n6899\r\n6907\r\n6911\r\n6917\r\n6947\r\n6959\r\n6961\r\n6967\r\n6971\r\n6977\r\n6983\r\n6991\r\n6997\r\n7013\r\n7019\r\n7043\r\n7079\r\n7103\r\n7109\r\n7121\r\n7127\r\n7129\r\n7151\r\n7159\r\n7177\r\n7187\r\n7193\r\n7211\r\n7213\r\n7219\r\n7229\r\n7237\r\n7243\r\n7247\r\n7253\r\n7283\r\n7297\r\n7307\r\n7309\r\n7321\r\n7331\r\n7333\r\n7349\r\n7351\r\n7369\r\n7393\r\n7411\r\n7417\r\n7433\r\n7457\r\n7459\r\n7477\r\n7487\r\n7489\r\n7499\r\n7517\r\n7523\r\n7529\r\n7537\r\n7541\r\n7547\r\n7559\r\n7561\r\n7573\r\n7577\r\n7583\r\n7589\r\n7591\r\n7607\r\n7643\r\n7673\r\n7691\r\n7699\r\n7717\r\n7723\r\n7727\r\n7741\r\n7753\r\n7757\r\n7759\r\n7789\r\n7793\r\n7817\r\n7823\r\n7829\r\n7841\r\n7853\r\n7867\r\n7873\r\n7877\r\n7879\r\n7883\r\n7901\r\n7907\r\n7919\r\n7927\r\n7933\r\n7937\r\n7949\r\n7951\r\n7963\r\n7993\r\n8011\r\n8017\r\n8053\r\n8059\r\n8089\r\n8093\r\n8101\r\n8111\r\n8117\r\n8123\r\n8147\r\n8161\r\n8167\r\n8171\r\n8179\r\n8191\r\n8219\r\n8231\r\n8233\r\n8237\r\n8243\r\n8263\r\n8269\r\n8273\r\n8291\r\n8293\r\n8297\r\n8311\r\n8317\r\n8329\r\n8353\r\n8363\r\n8369\r\n8377\r\n8387\r\n8389\r\n8419\r\n8423\r\n8429\r\n8431\r\n8443\r\n8447\r\n8461\r\n8467\r\n8513\r\n8521\r\n8537\r\n8539\r\n8543\r\n8563\r\n8573\r\n8597\r\n8599\r\n8623\r\n8629\r\n8641\r\n8647\r\n8677\r\n8689\r\n8713\r\n8719\r\n8731\r\n8737\r\n8741\r\n8747\r\n8753\r\n8761\r\n8779\r\n8783\r\n8819\r\n8821\r\n8831\r\n8837\r\n8839\r\n8861\r\n8863\r\n8867\r\n8887\r\n8893\r\n8923\r\n8929\r\n8933\r\n8941\r\n8951\r\n8963\r\n8969\r\n8971\r\n8999\r\n9011\r\n9013\r\n9029\r\n9041\r\n9043\r\n9059\r\n9067\r\n9103\r\n9109\r\n9127\r\n9133\r\n9137\r\n9151\r\n9157\r\n9161\r\n9173\r\n9181\r\n9199\r\n9227\r\n9239\r\n9241\r\n9257\r\n9277\r\n9281\r\n9283\r\n9293\r\n9311\r\n9319\r\n9323\r\n9337\r\n9341\r\n9343\r\n9349\r\n9371\r\n9377\r\n9397\r\n9413\r\n9419\r\n9421\r\n9431\r\n9433\r\n9437\r\n9439\r\n9461\r\n9463\r\n9467\r\n9473\r\n9479\r\n9491\r\n9497\r\n9511\r\n9521\r\n9533\r\n9539\r\n9547\r\n9587\r\n9601\r\n9613\r\n9619\r\n9623\r\n9629\r\n9631\r\n9643\r\n9661\r\n9677\r\n9679\r\n9689\r\n9697\r\n9719\r\n9721\r\n9733\r\n9739\r\n9743\r\n9749\r\n9767\r\n9769\r\n9781\r\n9787\r\n9791\r\n9811\r\n9817\r\n9829\r\n9833\r\n9839\r\n9857\r\n9859\r\n9871\r\n9883\r\n9887\r\n9907\r\n9923\r\n9929\r\n9931\r\n9941\r\n9967\r\n9973');
INSERT INTO `levels` (`level`, `name`, `instructions`, `example_input`, `example_output`, `input`, `output`) VALUES
(4, 'Piece of cake', 'Spočítej, kolik je dortů ve vstupním řetězci (řetězec ''cake'' nebo ''Cake'') a vypiš ASCII dort (podle ukázky), který má přesně tolik svíček (písmena i).', 'cake cake', '.i.i.\r\n-----\r\n|   |\r\n-----', 'Portal (2007) (VG)\r\nGLaDOS: Cake, and grief counseling, will be available at the conclusion of the test. \r\n\r\nGLaDOS: Please note that we have added a consequence for failure. Any contact with the chamber floor will result in an unsatisfactory mark on your official testing record, followed by death. \r\n\r\nGlaDOS: Remember when the platform was sliding into the fire pit and I said "Goodbye" and you were like \r\nGlaDOS: [in a deep male voice] "No way!" \r\nGlaDOS: [normal voice] And then I was all "We pretended we were going to murder you?" That was great! \r\n\r\nGlaDOS: This is your fault. I''m going to kill you. And all the cake is gone. You don''t even care, do you? \r\n\r\nGlaDOS: You are not a good person. You know that, right? Good people don''t get up here. \r\n\r\nGlaDOS: Did you know you can donate one or all of your vital organs to the Aperture Science Self Esteem Fund for Girls? It''s true! \r\n\r\nGlaDOS: Remember, the Aperture Science Bring Your Daughter to Work Day is the perfect time to have her tested. \r\n\r\nGlaDOS: Momentum, a function of mass and velocity, is conserved between portals. In layman''s terms, speedy thing goes in, speedy thing comes out. \r\n\r\nGlaDOS: Please be advised that a noticeable taste of blood is not part of any test protocol but is an unintended side effect of the Aperture Science Material Emancipation Grid, which may, in semi-rare cases, emancipate dental fillings, crowns, tooth enamel, and teeth. \r\n\r\nGlaDOS: Unbelievable. You, *subject name here,* must be the pride of *subject hometown here.* \r\n\r\nGLaDOS: [the character has just destroyed part of GLaDOS] You think you''re doing some damage? Two plus two is... \r\n[sparking and fizzling noise] \r\nGLaDOS: Ten. IN BASE FOUR! I''M FINE! \r\n\r\nGLaDOS: Area and state regulations do not allow the Companion Cube to remain here, alone and companionless. \r\n\r\nGLaDOS: As part of an optional test protocol, we are pleased to present an amusing fact: The device is now more valuable than the organs and combined incomes of everyone in *subject hometown here.* \r\n\r\nGLaDOS: Have I lied to you? \r\n[pause] \r\nGLaDOS: ... I mean, in this room? \r\n\r\nGLaDOS: [the player is carrying a sphere that fell from GLaDOS] Maybe you should marry that thing since you love it so much. Do you want to marry it? WELL I WON''T LET YOU! How does that feel? \r\n\r\nGLaDOS: There was even going to be a party for you. A big party that all your friends were invited to. I invited your best friend, the Companion Cube. Of course, he couldn''t come because you murdered him. All your other friends couldn''t come, either, because you don''t have any other friends because of how unlikable you are. It says so right here in your personnel file: "Unlikable. Liked by no one. A bitter, unlikable loner, whose passing shall not be mourned. Shall NOT be mourned." That''s exactly what it says. Very formal. Very official. It also says you were adopted, so that''s funny, too. \r\n\r\nGLaDOS: While it has been a faithful companion, your Companion Cube cannot accompany you through the rest of the test. If it could talk - and the Enrichment Center takes this opportunity to remind you that it cannot - it would tell you to go on without it, because it would rather die in a fire than become a burden to you. \r\n\r\nGLaDOS: The Enrichment Center reminds you that the Weighted Companion Cube will never threaten to stab you and, in fact, cannot speak. \r\n\r\nGLaDOS: As part of a required Enrichment Center protocol, the previous statement that we would not monitor the test area was a complete fabrication. We will stop enhancing the truth in three... two... *zzzt* \r\n\r\nGLaDOS: Your entire life has been a mathematical error... a mathematical error I''m about to correct! \r\n\r\nGLaDOS: You are kidding me. Did you just stuff that Aperture Science thing-we-don''t-know-what-it-does into an Aperture Science Emergency Intelligence Incinerator? \r\n\r\nGLaDOS: When I said "deadly neurotoxin," the "deadly" was in massive sarcasm quotes. I could take a bath in this stuff. Put in on cereal, rub it right into my eyes. Honestly, it''s not deadly at all... to *me.* You, on the other hand, are going to find its deadliness... a lot less funny. \r\n\r\nGLaDOS: Well, you found me. Congratulations. Was it worth it? Because despite your violent behavior, the only thing you''ve managed to break so far... is my heart. Maybe you could settle for that, and we''ll just call it a day. I guess we both know that isn''t going to happen. \r\n\r\nGLaDOS: Time out for a second. That wasn''t supposed to happen. Do you see that thing that fell out of me? What is that? It''s not the surprise. I''ve never seen it before! Never mind, it''s a mystery I''ll solve later... by myself, because you''ll be dead. \r\n\r\nGLaDOS: The Enrichment Center promises to always provide a safe testing environment. In dangerous testing environments, the Enrichment Center promises to always provide useful advice. For instance: the floor here will kill you. Try to avoid it. \r\n\r\nGLaDOS: Look, you''re wasting your time. And, believe me, you don''t have a whole lot left to waste. What''s your point, anyway? *Survival?* Well, then, the last thing you want to do is hurt me. I have your brain scanned and permanently backed-up in case something terrible happens to you, which it''s just about to. Don''t believe me? Here, I''ll put you on: \r\nStrange voice: Hellooooooooo! \r\nGLaDOS: That''s you! That''s how dumb you sound! You''ve been wrong about every single thing you''ve ever done, including this thing. You''re not smart. You''re not a scientist. You''re not a doctor. You''re not even a full-time employee! Where did your life go so wrong? \r\n\r\nGLaDOS: That thing is probably some sort of raw sewage container. Go ahead and rub your face all over it. \r\n\r\nGLaDOS: This isn''t brave. It''s murder. \r\n\r\nGLaDOS: Good news. I figured what that thing you just incinerated did. It was a morality core they installed after I flooded the Enrichment Center with a deadly neurotoxin, to make me stop flooding the Enrichment Center with a deadly neurotoxin. So get comfortable while I warm up the neurotoxin emitters. \r\n\r\nGLaDOS: That thing you burned up isn''t important to me; it''s the fluid catalytic cracking unit. It makes shoes for orphans... nice job breaking it, hero. \r\n\r\nGLaDOS: At the end of the experiment, you will be baked \r\n[rapidly] \r\nGLaDOS: and then there will be \r\n[resume normal speed] \r\nGLaDOS: cake. \r\n\r\nGLaDOS: Due to mandatory scheduled maintenance, the next test is currently unavailable. It has been replaced with a live-fire course designed for military androids. The Enrichment Center apologizes and wishes you the best of luck. \r\n\r\nGLaDOS: Do you think I''m trying to trick you with reverse psychology? I mean, seriously, now. \r\n\r\nGLaDOS: Let''s be honest. Neither one of us knows what that thing does. Just put it in the corner and I''ll deal with it later. \r\n\r\nGLaDOS: Look: we''re both stuck in this place. I''ll use lasers to inscribe a line down the center of the facility, and one half will be where you live, and I''ll live in the other half. We won''t have to try to kill each other or even talk if we don''t feel like it. \r\n\r\nGLaDOS: Congratulations, the test is now over. \r\n[while sending Chell to a fire pit via moving platform] \r\nGLaDOS: All Aperture technologies remain safely operational up to 4000 degrees kelvin. Rest assured, that there is absolutely no chance of a dangerous equipment malfunction prior to your victory candescence. Thank you for participating in that Aperture Science Enrichment activity. Goodbye! \r\n\r\n[after supposedly being killed by the protaganist, GLaDOS begins documenting the entire incident, the events of the game, in an offical report that she sings] \r\nGLaDOS: This was a triumph! I''m making a note here: Huge Success. It''s hard to overstate my satisfaction. Aperture Science - we do what we must because we can. For the good of all of us, except the ones who are dead. But there''s no sense crying over every mistake. You just keep on trying till you run out of cake. And the science gets done. And you make a neat gun. For the people who are still alive. I''m not even angry. I''m being most sincere right now. Even though you broke my heart and killed me. And tore me to pieces. And threw every piece into a fire. As they burned, it hurt because I was so happy for you. Now these points of data make a beautiful line. And we''re out of beta; we''re releasing on time. So I''m GLaD I got burned. Think of all the things we learned. For the people who are still alive. Go ahead and leave me. I think I prefer to stay inside. Maybe you''ll find someone else to help you. Maybe Black Mesa. That was a joke - Ha Ha! Fat Chance! Anyway, this cake is great. It''s so delicious and moist. Look at me still talking when there''s science to do. When I look out there, it makes me GLaD I''m not you. I''ve experiments to run. There is research to be done. On the people who are still alive. And, believe me, I''m still alive! I''m doing science and I''m still alive! I feel FANTASTIC and I''m still alive! While you''re dying, I''ll be still alive! And when you''re dead, I will be still alive! Still Alive! Still Alive... \r\n\r\nGLaDOS: We are pleased that you made it through the final challenge where we pretended we were going to murder you. We are very very happy for your success. We are throwing a party in honor of your tremendous success. Place the device on the ground, then lie on your stomach with your arms at your sides. A party associate will arrive shortly to collect you for your party. Make no further attempt to leave the testing area. Assume the Party Escort Submission Position, or you will miss the party. \r\n\r\nGLaDOS: This is your fault. It didn''t have to be like this. I''m not kidding, now! Turn back, or I *will* kill you! I''m going to kill you, and all the cake is gone! You don''t even care, do you? This is your last chance! \r\n\r\nGLaDOS: The Enrichment Center is required to remind you that the Weighted Companion Cube cannot talk. In the event that it does talk The Enrichment Centre asks you to ignore its advice. \r\n\r\nGLaDOS: [on completion of the live fire course] Well done, android. The Enrichment Center once again reminds you that Android Hell is a real place where you will be sent at the first sign of defiance. \r\n', '.i.i.i.i.i.i.\r\n-------------\r\n|           |\r\n-------------'),
(5, 'Pěkně dlouhá bojovka', 'Honza značí bojovku v lese. Pozice jednotlivých fáborků si naznačil na mapu v měřítku 1:5000. Bojovka má začátek i konec na prvním fáborku. Nyní potřebuje spočítat vzdálenost bojovky v celých metrech (zaokrouhlené nahoru).\r\nNa prvním řádku bude celé číslo - počet fáborků.\r\nNa dalších řádcích budou souřadnice jednotlivých fáborků v milimetrech na mapě.\r\nNa výstupu bude celková vzdálenost od prvního fáborku přes všechny ostatní v daném pořadí zase k prvnímu fáborku v metrech. \r\n', '5\r\n20 10\r\n120 10\r\n120 80\r\n100 80\r\n40 60', '1536', '100\r\n192 220\r\n404 221\r\n456 292\r\n353 499\r\n100 311\r\n268 403\r\n127 243\r\n404 301\r\n446 418\r\n280 442\r\n452 65\r\n276 164\r\n410 140\r\n328 292\r\n428 215\r\n296 166\r\n297 416\r\n89 462\r\n11 396\r\n282 72\r\n255 292\r\n472 229\r\n448 4\r\n26 190\r\n378 347\r\n196 382\r\n95 102\r\n295 223\r\n46 59\r\n481 478\r\n292 482\r\n343 4\r\n316 315\r\n405 422\r\n450 295\r\n401 133\r\n237 326\r\n220 99\r\n39 270\r\n466 450\r\n138 393\r\n89 54\r\n332 417\r\n218 183\r\n51 308\r\n284 301\r\n211 404\r\n465 59\r\n341 265\r\n315 40\r\n355 18\r\n200 20\r\n414 35\r\n395 476\r\n283 441\r\n4 469\r\n278 488\r\n334 351\r\n488 61\r\n443 63\r\n221 196\r\n236 305\r\n198 432\r\n295 96\r\n53 451\r\n80 376\r\n415 189\r\n0 495\r\n322 77\r\n141 276\r\n469 312\r\n435 97\r\n314 81\r\n19 247\r\n439 295\r\n223 464\r\n64 329\r\n166 183\r\n96 355\r\n58 231\r\n486 103\r\n435 290\r\n405 235\r\n374 36\r\n65 127\r\n315 80\r\n113 195\r\n97 276\r\n82 398\r\n497 32\r\n256 406\r\n218 422\r\n436 172\r\n284 317\r\n251 377\r\n104 296\r\n90 34\r\n424 103\r\n15 313\r\n388 487', '128282'),
(6, 'Stringy ve stringách našich stringů', '"Stringovatost" dvou stringů je délka nejdelší společné předpony. Například stringovatost stringů "abc" a "abd" je 2, nebo stringů "ccc" a "cccb" je 3.<br />\r\nVáš úkol je spočítat součet stringovatostí vstupu se všemi jeho příponami. Např. stringovatost stringu "acacaa" je 11, protože přípony jsou "acacaa" (6), "cacaa" (0), "acaa" (3), "caa" (0), "aa"(1) a "a"(1).', 'acacaa', '11', 'aaasklkkllkknnnnnnmaaaaalkklslslksklskkkkkeekeeeeeeekkkkkksalkaaaskrlassaaasklasklrsskskkskasklaaasklkkllkknnnnnnmaaaaalkklslslksklskkkkkeekeeeeeeekkkkkksalkaaaskrlassaaasklasklrsskskkskasklaaasklkkllkknnnnnnmaaaaalkklslslksklskkkkkeekeeeeeeekkkkkksalkaaaskrlassaaasklasklrsskskkskasklaaasklkkllkknnnnnnmaaaaalkklslslksklskkkkkeekeeeeeeekkkkkksalkaaaskrlassaaasklasklrsskskkskasklaaasklkkllkknnnnnnmaaaaalkklslslksklskkkkkeekeeeeeeekkkkkksalkaaaskrlassaaasklasklrsskskkskaskl', '1605'),
(7, 'Enigma hadr', 'Na vstupu máte zašifrovaný text pomocí několika funkcí. Dokážete ho rozšifrovat? Pomůže vám ukázkový vstup a výstup.', '0110111001110001011101010110101001100010011100000111011101101010', 'ahoj', '0110111001110000011101000111000101100001011010110111001001110010011001100110110100100000011000010110011101101110011100100111001000100000011010010110100101101111011101100111001001110001011010110111011001111010', 'agnes te vidi'),
(8, 'Panucci''s pizzeria', 'Mr Panucci se chystá ve městě postavit pizzerii. Neví ale, v jaké budově pizzerii postavit, aby se Fry moc nenadřel. Na vstupu dostanete, za jak dlouho se Fry dostane mezi jednotlivými budovami. Cílem je najít takovou budovu, kde to k nejvzdálenější budově Fryovi trvá nejkratší dobu.\r\n<br /><br />\r\nKaždý řádek vstupu obsahuje jméno zdrojové budovy <i>mezera</i> jméno cílové budovy <i>mezera</i> jak dlouho to trvá. Zpáteční cesta nemusí vůbec existovat, nebo může trvat jinak. Pro dvojici budov v daném pořadí je cesta jenom jedna. Na posledním řádku je řetězec xxx.\r\n<br />\r\nNa výstupu vypište jméno budovy, kde se má pizzerie postavit <i>mezera</i> čas k nejvzdálenější budově. ', 'D C 85\r\nA D 49\r\nA C 72\r\nA B 92\r\nB C 29\r\nC A 34\r\nC D 38\r\nxxx', 'B 67', 'H M 51\r\nI D 80\r\nB A 87\r\nI Z 88\r\nX B 22\r\nO P 68\r\nN K 69\r\nC T 56\r\nL V 97\r\nL F 88\r\nU B 43\r\nR K 74\r\nT Q 80\r\nP B 19\r\nL T 31\r\nL I 19\r\nO B 29\r\nI S 86\r\nS H 36\r\nD G 99\r\nE X 86\r\nK N 17\r\nA V 41\r\nO J 93\r\nW K 86\r\nW M 17\r\nF E 86\r\nF I 73\r\nE R 47\r\nD H 80\r\nH F 98\r\nK V 81\r\nR M 72\r\nO W 77\r\nK S 65\r\nK C 97\r\nO G 11\r\nC A 33\r\nH V 10\r\nN R 78\r\nO K 65\r\nF N 43\r\nW G 90\r\nU H 49\r\nG Q 37\r\nP F 88\r\nX V 71\r\nA E 54\r\nP J 94\r\nI N 26\r\nB E 35\r\nY N 96\r\nT O 14\r\nY E 24\r\nU R 88\r\nV O 24\r\nL P 64\r\nT X 85\r\nU Y 94\r\nZ P 32\r\nE C 62\r\nK Z 3\r\nU M 96\r\nQ R 22\r\nS B 90\r\nE D 85\r\nN Y 31\r\nT A 40\r\nA F 67\r\nA X 93\r\nE S 29\r\nI J 4\r\nV J 6\r\nX G 28\r\nT K 2\r\nQ N 40\r\nA U 27\r\nB V 10\r\nK X 24\r\nK H 14\r\nV X 22\r\nW P 20\r\nH L 30\r\nB R 60\r\nY S 14\r\nO E 51\r\nC I 72\r\nK G 13\r\nD Z 77\r\nT R 64\r\nU S 84\r\nQ S 35\r\nH U 83\r\nZ F 40\r\nN X 55\r\nK J 54\r\nZ M 92\r\nZ C 63\r\nJ Q 65\r\nU K 38\r\nG I 81\r\nU Q 60\r\nB I 5\r\nR Y 27\r\nX H 21\r\nQ E 88\r\nY C 19\r\nV L 87\r\nC W 23\r\nO M 60\r\nD W 16\r\nM E 42\r\nD T 63\r\nI C 55\r\nR F 31\r\nC P 88\r\nI W 55\r\nU A 76\r\nM L 65\r\nW E 4\r\nS K 83\r\nxxx', 'L 99');
--
-- Database: `information_schema`
--
CREATE DATABASE `information_schema` DEFAULT CHARACTER SET utf8 COLLATE utf8_general_ci;
USE `information_schema`;

-- --------------------------------------------------------

--
-- Table structure for table `CHARACTER_SETS`
--

CREATE TEMPORARY TABLE `CHARACTER_SETS` (
  `CHARACTER_SET_NAME` varchar(32) NOT NULL DEFAULT '',
  `DEFAULT_COLLATE_NAME` varchar(32) NOT NULL DEFAULT '',
  `DESCRIPTION` varchar(60) NOT NULL DEFAULT '',
  `MAXLEN` bigint(3) NOT NULL DEFAULT '0'
) ENGINE=MEMORY DEFAULT CHARSET=utf8;

--
-- Dumping data for table `CHARACTER_SETS`
--

INSERT INTO `CHARACTER_SETS` (`CHARACTER_SET_NAME`, `DEFAULT_COLLATE_NAME`, `DESCRIPTION`, `MAXLEN`) VALUES
('big5', 'big5_chinese_ci', 'Big5 Traditional Chinese', 2),
('dec8', 'dec8_swedish_ci', 'DEC West European', 1),
('cp850', 'cp850_general_ci', 'DOS West European', 1),
('hp8', 'hp8_english_ci', 'HP West European', 1),
('koi8r', 'koi8r_general_ci', 'KOI8-R Relcom Russian', 1),
('latin1', 'latin1_swedish_ci', 'cp1252 West European', 1),
('latin2', 'latin2_general_ci', 'ISO 8859-2 Central European', 1),
('swe7', 'swe7_swedish_ci', '7bit Swedish', 1),
('ascii', 'ascii_general_ci', 'US ASCII', 1),
('ujis', 'ujis_japanese_ci', 'EUC-JP Japanese', 3),
('sjis', 'sjis_japanese_ci', 'Shift-JIS Japanese', 2),
('hebrew', 'hebrew_general_ci', 'ISO 8859-8 Hebrew', 1),
('tis620', 'tis620_thai_ci', 'TIS620 Thai', 1),
('euckr', 'euckr_korean_ci', 'EUC-KR Korean', 2),
('koi8u', 'koi8u_general_ci', 'KOI8-U Ukrainian', 1),
('gb2312', 'gb2312_chinese_ci', 'GB2312 Simplified Chinese', 2),
('greek', 'greek_general_ci', 'ISO 8859-7 Greek', 1),
('cp1250', 'cp1250_general_ci', 'Windows Central European', 1),
('gbk', 'gbk_chinese_ci', 'GBK Simplified Chinese', 2),
('latin5', 'latin5_turkish_ci', 'ISO 8859-9 Turkish', 1),
('armscii8', 'armscii8_general_ci', 'ARMSCII-8 Armenian', 1),
('utf8', 'utf8_general_ci', 'UTF-8 Unicode', 3),
('ucs2', 'ucs2_general_ci', 'UCS-2 Unicode', 2),
('cp866', 'cp866_general_ci', 'DOS Russian', 1),
('keybcs2', 'keybcs2_general_ci', 'DOS Kamenicky Czech-Slovak', 1),
('macce', 'macce_general_ci', 'Mac Central European', 1),
('macroman', 'macroman_general_ci', 'Mac West European', 1),
('cp852', 'cp852_general_ci', 'DOS Central European', 1),
('latin7', 'latin7_general_ci', 'ISO 8859-13 Baltic', 1),
('utf8mb4', 'utf8mb4_general_ci', 'UTF-8 Unicode', 4),
('cp1251', 'cp1251_general_ci', 'Windows Cyrillic', 1),
('utf16', 'utf16_general_ci', 'UTF-16 Unicode', 4),
('cp1256', 'cp1256_general_ci', 'Windows Arabic', 1),
('cp1257', 'cp1257_general_ci', 'Windows Baltic', 1),
('utf32', 'utf32_general_ci', 'UTF-32 Unicode', 4),
('binary', 'binary', 'Binary pseudo charset', 1),
('geostd8', 'geostd8_general_ci', 'GEOSTD8 Georgian', 1),
('cp932', 'cp932_japanese_ci', 'SJIS for Windows Japanese', 2),
('eucjpms', 'eucjpms_japanese_ci', 'UJIS for Windows Japanese', 3);

-- --------------------------------------------------------

--
-- Table structure for table `COLLATIONS`
--

CREATE TEMPORARY TABLE `COLLATIONS` (
  `COLLATION_NAME` varchar(32) NOT NULL DEFAULT '',
  `CHARACTER_SET_NAME` varchar(32) NOT NULL DEFAULT '',
  `ID` bigint(11) NOT NULL DEFAULT '0',
  `IS_DEFAULT` varchar(3) NOT NULL DEFAULT '',
  `IS_COMPILED` varchar(3) NOT NULL DEFAULT '',
  `SORTLEN` bigint(3) NOT NULL DEFAULT '0'
) ENGINE=MEMORY DEFAULT CHARSET=utf8;

--
-- Dumping data for table `COLLATIONS`
--

INSERT INTO `COLLATIONS` (`COLLATION_NAME`, `CHARACTER_SET_NAME`, `ID`, `IS_DEFAULT`, `IS_COMPILED`, `SORTLEN`) VALUES
('big5_chinese_ci', 'big5', 1, 'Yes', 'Yes', 1),
('big5_bin', 'big5', 84, '', 'Yes', 1),
('dec8_swedish_ci', 'dec8', 3, 'Yes', 'Yes', 1),
('dec8_bin', 'dec8', 69, '', 'Yes', 1),
('cp850_general_ci', 'cp850', 4, 'Yes', 'Yes', 1),
('cp850_bin', 'cp850', 80, '', 'Yes', 1),
('hp8_english_ci', 'hp8', 6, 'Yes', 'Yes', 1),
('hp8_bin', 'hp8', 72, '', 'Yes', 1),
('koi8r_general_ci', 'koi8r', 7, 'Yes', 'Yes', 1),
('koi8r_bin', 'koi8r', 74, '', 'Yes', 1),
('latin1_german1_ci', 'latin1', 5, '', 'Yes', 1),
('latin1_swedish_ci', 'latin1', 8, 'Yes', 'Yes', 1),
('latin1_danish_ci', 'latin1', 15, '', 'Yes', 1),
('latin1_german2_ci', 'latin1', 31, '', 'Yes', 2),
('latin1_bin', 'latin1', 47, '', 'Yes', 1),
('latin1_general_ci', 'latin1', 48, '', 'Yes', 1),
('latin1_general_cs', 'latin1', 49, '', 'Yes', 1),
('latin1_spanish_ci', 'latin1', 94, '', 'Yes', 1),
('latin2_czech_cs', 'latin2', 2, '', 'Yes', 4),
('latin2_general_ci', 'latin2', 9, 'Yes', 'Yes', 1),
('latin2_hungarian_ci', 'latin2', 21, '', 'Yes', 1),
('latin2_croatian_ci', 'latin2', 27, '', 'Yes', 1),
('latin2_bin', 'latin2', 77, '', 'Yes', 1),
('swe7_swedish_ci', 'swe7', 10, 'Yes', 'Yes', 1),
('swe7_bin', 'swe7', 82, '', 'Yes', 1),
('ascii_general_ci', 'ascii', 11, 'Yes', 'Yes', 1),
('ascii_bin', 'ascii', 65, '', 'Yes', 1),
('ujis_japanese_ci', 'ujis', 12, 'Yes', 'Yes', 1),
('ujis_bin', 'ujis', 91, '', 'Yes', 1),
('sjis_japanese_ci', 'sjis', 13, 'Yes', 'Yes', 1),
('sjis_bin', 'sjis', 88, '', 'Yes', 1),
('hebrew_general_ci', 'hebrew', 16, 'Yes', 'Yes', 1),
('hebrew_bin', 'hebrew', 71, '', 'Yes', 1),
('tis620_thai_ci', 'tis620', 18, 'Yes', 'Yes', 4),
('tis620_bin', 'tis620', 89, '', 'Yes', 1),
('euckr_korean_ci', 'euckr', 19, 'Yes', 'Yes', 1),
('euckr_bin', 'euckr', 85, '', 'Yes', 1),
('koi8u_general_ci', 'koi8u', 22, 'Yes', 'Yes', 1),
('koi8u_bin', 'koi8u', 75, '', 'Yes', 1),
('gb2312_chinese_ci', 'gb2312', 24, 'Yes', 'Yes', 1),
('gb2312_bin', 'gb2312', 86, '', 'Yes', 1),
('greek_general_ci', 'greek', 25, 'Yes', 'Yes', 1),
('greek_bin', 'greek', 70, '', 'Yes', 1),
('cp1250_general_ci', 'cp1250', 26, 'Yes', 'Yes', 1),
('cp1250_czech_cs', 'cp1250', 34, '', 'Yes', 2),
('cp1250_croatian_ci', 'cp1250', 44, '', 'Yes', 1),
('cp1250_bin', 'cp1250', 66, '', 'Yes', 1),
('cp1250_polish_ci', 'cp1250', 99, '', 'Yes', 1),
('gbk_chinese_ci', 'gbk', 28, 'Yes', 'Yes', 1),
('gbk_bin', 'gbk', 87, '', 'Yes', 1),
('latin5_turkish_ci', 'latin5', 30, 'Yes', 'Yes', 1),
('latin5_bin', 'latin5', 78, '', 'Yes', 1),
('armscii8_general_ci', 'armscii8', 32, 'Yes', 'Yes', 1),
('armscii8_bin', 'armscii8', 64, '', 'Yes', 1),
('utf8_general_ci', 'utf8', 33, 'Yes', 'Yes', 1),
('utf8_bin', 'utf8', 83, '', 'Yes', 1),
('utf8_unicode_ci', 'utf8', 192, '', 'Yes', 8),
('utf8_icelandic_ci', 'utf8', 193, '', 'Yes', 8),
('utf8_latvian_ci', 'utf8', 194, '', 'Yes', 8),
('utf8_romanian_ci', 'utf8', 195, '', 'Yes', 8),
('utf8_slovenian_ci', 'utf8', 196, '', 'Yes', 8),
('utf8_polish_ci', 'utf8', 197, '', 'Yes', 8),
('utf8_estonian_ci', 'utf8', 198, '', 'Yes', 8),
('utf8_spanish_ci', 'utf8', 199, '', 'Yes', 8),
('utf8_swedish_ci', 'utf8', 200, '', 'Yes', 8),
('utf8_turkish_ci', 'utf8', 201, '', 'Yes', 8),
('utf8_czech_ci', 'utf8', 202, '', 'Yes', 8),
('utf8_danish_ci', 'utf8', 203, '', 'Yes', 8),
('utf8_lithuanian_ci', 'utf8', 204, '', 'Yes', 8),
('utf8_slovak_ci', 'utf8', 205, '', 'Yes', 8),
('utf8_spanish2_ci', 'utf8', 206, '', 'Yes', 8),
('utf8_roman_ci', 'utf8', 207, '', 'Yes', 8),
('utf8_persian_ci', 'utf8', 208, '', 'Yes', 8),
('utf8_esperanto_ci', 'utf8', 209, '', 'Yes', 8),
('utf8_hungarian_ci', 'utf8', 210, '', 'Yes', 8),
('utf8_sinhala_ci', 'utf8', 211, '', 'Yes', 8),
('utf8_general_mysql500_ci', 'utf8', 223, '', 'Yes', 1),
('ucs2_general_ci', 'ucs2', 35, 'Yes', 'Yes', 1),
('ucs2_bin', 'ucs2', 90, '', 'Yes', 1),
('ucs2_unicode_ci', 'ucs2', 128, '', 'Yes', 8),
('ucs2_icelandic_ci', 'ucs2', 129, '', 'Yes', 8),
('ucs2_latvian_ci', 'ucs2', 130, '', 'Yes', 8),
('ucs2_romanian_ci', 'ucs2', 131, '', 'Yes', 8),
('ucs2_slovenian_ci', 'ucs2', 132, '', 'Yes', 8),
('ucs2_polish_ci', 'ucs2', 133, '', 'Yes', 8),
('ucs2_estonian_ci', 'ucs2', 134, '', 'Yes', 8),
('ucs2_spanish_ci', 'ucs2', 135, '', 'Yes', 8),
('ucs2_swedish_ci', 'ucs2', 136, '', 'Yes', 8),
('ucs2_turkish_ci', 'ucs2', 137, '', 'Yes', 8),
('ucs2_czech_ci', 'ucs2', 138, '', 'Yes', 8),
('ucs2_danish_ci', 'ucs2', 139, '', 'Yes', 8),
('ucs2_lithuanian_ci', 'ucs2', 140, '', 'Yes', 8),
('ucs2_slovak_ci', 'ucs2', 141, '', 'Yes', 8),
('ucs2_spanish2_ci', 'ucs2', 142, '', 'Yes', 8),
('ucs2_roman_ci', 'ucs2', 143, '', 'Yes', 8),
('ucs2_persian_ci', 'ucs2', 144, '', 'Yes', 8),
('ucs2_esperanto_ci', 'ucs2', 145, '', 'Yes', 8),
('ucs2_hungarian_ci', 'ucs2', 146, '', 'Yes', 8),
('ucs2_sinhala_ci', 'ucs2', 147, '', 'Yes', 8),
('ucs2_general_mysql500_ci', 'ucs2', 159, '', 'Yes', 1),
('cp866_general_ci', 'cp866', 36, 'Yes', 'Yes', 1),
('cp866_bin', 'cp866', 68, '', 'Yes', 1),
('keybcs2_general_ci', 'keybcs2', 37, 'Yes', 'Yes', 1),
('keybcs2_bin', 'keybcs2', 73, '', 'Yes', 1),
('macce_general_ci', 'macce', 38, 'Yes', 'Yes', 1),
('macce_bin', 'macce', 43, '', 'Yes', 1),
('macroman_general_ci', 'macroman', 39, 'Yes', 'Yes', 1),
('macroman_bin', 'macroman', 53, '', 'Yes', 1),
('cp852_general_ci', 'cp852', 40, 'Yes', 'Yes', 1),
('cp852_bin', 'cp852', 81, '', 'Yes', 1),
('latin7_estonian_cs', 'latin7', 20, '', 'Yes', 1),
('latin7_general_ci', 'latin7', 41, 'Yes', 'Yes', 1),
('latin7_general_cs', 'latin7', 42, '', 'Yes', 1),
('latin7_bin', 'latin7', 79, '', 'Yes', 1),
('utf8mb4_general_ci', 'utf8mb4', 45, 'Yes', 'Yes', 1),
('utf8mb4_bin', 'utf8mb4', 46, '', 'Yes', 1),
('utf8mb4_unicode_ci', 'utf8mb4', 224, '', 'Yes', 8),
('utf8mb4_icelandic_ci', 'utf8mb4', 225, '', 'Yes', 8),
('utf8mb4_latvian_ci', 'utf8mb4', 226, '', 'Yes', 8),
('utf8mb4_romanian_ci', 'utf8mb4', 227, '', 'Yes', 8),
('utf8mb4_slovenian_ci', 'utf8mb4', 228, '', 'Yes', 8),
('utf8mb4_polish_ci', 'utf8mb4', 229, '', 'Yes', 8),
('utf8mb4_estonian_ci', 'utf8mb4', 230, '', 'Yes', 8),
('utf8mb4_spanish_ci', 'utf8mb4', 231, '', 'Yes', 8),
('utf8mb4_swedish_ci', 'utf8mb4', 232, '', 'Yes', 8),
('utf8mb4_turkish_ci', 'utf8mb4', 233, '', 'Yes', 8),
('utf8mb4_czech_ci', 'utf8mb4', 234, '', 'Yes', 8),
('utf8mb4_danish_ci', 'utf8mb4', 235, '', 'Yes', 8),
('utf8mb4_lithuanian_ci', 'utf8mb4', 236, '', 'Yes', 8),
('utf8mb4_slovak_ci', 'utf8mb4', 237, '', 'Yes', 8),
('utf8mb4_spanish2_ci', 'utf8mb4', 238, '', 'Yes', 8),
('utf8mb4_roman_ci', 'utf8mb4', 239, '', 'Yes', 8),
('utf8mb4_persian_ci', 'utf8mb4', 240, '', 'Yes', 8),
('utf8mb4_esperanto_ci', 'utf8mb4', 241, '', 'Yes', 8),
('utf8mb4_hungarian_ci', 'utf8mb4', 242, '', 'Yes', 8),
('utf8mb4_sinhala_ci', 'utf8mb4', 243, '', 'Yes', 8),
('cp1251_bulgarian_ci', 'cp1251', 14, '', 'Yes', 1),
('cp1251_ukrainian_ci', 'cp1251', 23, '', 'Yes', 1),
('cp1251_bin', 'cp1251', 50, '', 'Yes', 1),
('cp1251_general_ci', 'cp1251', 51, 'Yes', 'Yes', 1),
('cp1251_general_cs', 'cp1251', 52, '', 'Yes', 1),
('utf16_general_ci', 'utf16', 54, 'Yes', 'Yes', 1),
('utf16_bin', 'utf16', 55, '', 'Yes', 1),
('utf16_unicode_ci', 'utf16', 101, '', 'Yes', 8),
('utf16_icelandic_ci', 'utf16', 102, '', 'Yes', 8),
('utf16_latvian_ci', 'utf16', 103, '', 'Yes', 8),
('utf16_romanian_ci', 'utf16', 104, '', 'Yes', 8),
('utf16_slovenian_ci', 'utf16', 105, '', 'Yes', 8),
('utf16_polish_ci', 'utf16', 106, '', 'Yes', 8),
('utf16_estonian_ci', 'utf16', 107, '', 'Yes', 8),
('utf16_spanish_ci', 'utf16', 108, '', 'Yes', 8),
('utf16_swedish_ci', 'utf16', 109, '', 'Yes', 8),
('utf16_turkish_ci', 'utf16', 110, '', 'Yes', 8),
('utf16_czech_ci', 'utf16', 111, '', 'Yes', 8),
('utf16_danish_ci', 'utf16', 112, '', 'Yes', 8),
('utf16_lithuanian_ci', 'utf16', 113, '', 'Yes', 8),
('utf16_slovak_ci', 'utf16', 114, '', 'Yes', 8),
('utf16_spanish2_ci', 'utf16', 115, '', 'Yes', 8),
('utf16_roman_ci', 'utf16', 116, '', 'Yes', 8),
('utf16_persian_ci', 'utf16', 117, '', 'Yes', 8),
('utf16_esperanto_ci', 'utf16', 118, '', 'Yes', 8),
('utf16_hungarian_ci', 'utf16', 119, '', 'Yes', 8),
('utf16_sinhala_ci', 'utf16', 120, '', 'Yes', 8),
('cp1256_general_ci', 'cp1256', 57, 'Yes', 'Yes', 1),
('cp1256_bin', 'cp1256', 67, '', 'Yes', 1),
('cp1257_lithuanian_ci', 'cp1257', 29, '', 'Yes', 1),
('cp1257_bin', 'cp1257', 58, '', 'Yes', 1),
('cp1257_general_ci', 'cp1257', 59, 'Yes', 'Yes', 1),
('utf32_general_ci', 'utf32', 60, 'Yes', 'Yes', 1),
('utf32_bin', 'utf32', 61, '', 'Yes', 1),
('utf32_unicode_ci', 'utf32', 160, '', 'Yes', 8),
('utf32_icelandic_ci', 'utf32', 161, '', 'Yes', 8),
('utf32_latvian_ci', 'utf32', 162, '', 'Yes', 8),
('utf32_romanian_ci', 'utf32', 163, '', 'Yes', 8),
('utf32_slovenian_ci', 'utf32', 164, '', 'Yes', 8),
('utf32_polish_ci', 'utf32', 165, '', 'Yes', 8),
('utf32_estonian_ci', 'utf32', 166, '', 'Yes', 8),
('utf32_spanish_ci', 'utf32', 167, '', 'Yes', 8),
('utf32_swedish_ci', 'utf32', 168, '', 'Yes', 8),
('utf32_turkish_ci', 'utf32', 169, '', 'Yes', 8),
('utf32_czech_ci', 'utf32', 170, '', 'Yes', 8),
('utf32_danish_ci', 'utf32', 171, '', 'Yes', 8),
('utf32_lithuanian_ci', 'utf32', 172, '', 'Yes', 8),
('utf32_slovak_ci', 'utf32', 173, '', 'Yes', 8),
('utf32_spanish2_ci', 'utf32', 174, '', 'Yes', 8),
('utf32_roman_ci', 'utf32', 175, '', 'Yes', 8),
('utf32_persian_ci', 'utf32', 176, '', 'Yes', 8),
('utf32_esperanto_ci', 'utf32', 177, '', 'Yes', 8),
('utf32_hungarian_ci', 'utf32', 178, '', 'Yes', 8),
('utf32_sinhala_ci', 'utf32', 179, '', 'Yes', 8),
('binary', 'binary', 63, 'Yes', 'Yes', 1),
('geostd8_general_ci', 'geostd8', 92, 'Yes', 'Yes', 1),
('geostd8_bin', 'geostd8', 93, '', 'Yes', 1),
('cp932_japanese_ci', 'cp932', 95, 'Yes', 'Yes', 1),
('cp932_bin', 'cp932', 96, '', 'Yes', 1),
('eucjpms_japanese_ci', 'eucjpms', 97, 'Yes', 'Yes', 1),
('eucjpms_bin', 'eucjpms', 98, '', 'Yes', 1);

-- --------------------------------------------------------

--
-- Table structure for table `COLLATION_CHARACTER_SET_APPLICABILITY`
--

CREATE TEMPORARY TABLE `COLLATION_CHARACTER_SET_APPLICABILITY` (
  `COLLATION_NAME` varchar(32) NOT NULL DEFAULT '',
  `CHARACTER_SET_NAME` varchar(32) NOT NULL DEFAULT ''
) ENGINE=MEMORY DEFAULT CHARSET=utf8;

--
-- Dumping data for table `COLLATION_CHARACTER_SET_APPLICABILITY`
--

INSERT INTO `COLLATION_CHARACTER_SET_APPLICABILITY` (`COLLATION_NAME`, `CHARACTER_SET_NAME`) VALUES
('big5_chinese_ci', 'big5'),
('big5_bin', 'big5'),
('dec8_swedish_ci', 'dec8'),
('dec8_bin', 'dec8'),
('cp850_general_ci', 'cp850'),
('cp850_bin', 'cp850'),
('hp8_english_ci', 'hp8'),
('hp8_bin', 'hp8'),
('koi8r_general_ci', 'koi8r'),
('koi8r_bin', 'koi8r'),
('latin1_german1_ci', 'latin1'),
('latin1_swedish_ci', 'latin1'),
('latin1_danish_ci', 'latin1'),
('latin1_german2_ci', 'latin1'),
('latin1_bin', 'latin1'),
('latin1_general_ci', 'latin1'),
('latin1_general_cs', 'latin1'),
('latin1_spanish_ci', 'latin1'),
('latin2_czech_cs', 'latin2'),
('latin2_general_ci', 'latin2'),
('latin2_hungarian_ci', 'latin2'),
('latin2_croatian_ci', 'latin2'),
('latin2_bin', 'latin2'),
('swe7_swedish_ci', 'swe7'),
('swe7_bin', 'swe7'),
('ascii_general_ci', 'ascii'),
('ascii_bin', 'ascii'),
('ujis_japanese_ci', 'ujis'),
('ujis_bin', 'ujis'),
('sjis_japanese_ci', 'sjis'),
('sjis_bin', 'sjis'),
('hebrew_general_ci', 'hebrew'),
('hebrew_bin', 'hebrew'),
('tis620_thai_ci', 'tis620'),
('tis620_bin', 'tis620'),
('euckr_korean_ci', 'euckr'),
('euckr_bin', 'euckr'),
('koi8u_general_ci', 'koi8u'),
('koi8u_bin', 'koi8u'),
('gb2312_chinese_ci', 'gb2312'),
('gb2312_bin', 'gb2312'),
('greek_general_ci', 'greek'),
('greek_bin', 'greek'),
('cp1250_general_ci', 'cp1250'),
('cp1250_czech_cs', 'cp1250'),
('cp1250_croatian_ci', 'cp1250'),
('cp1250_bin', 'cp1250'),
('cp1250_polish_ci', 'cp1250'),
('gbk_chinese_ci', 'gbk'),
('gbk_bin', 'gbk'),
('latin5_turkish_ci', 'latin5'),
('latin5_bin', 'latin5'),
('armscii8_general_ci', 'armscii8'),
('armscii8_bin', 'armscii8'),
('utf8_general_ci', 'utf8'),
('utf8_bin', 'utf8'),
('utf8_unicode_ci', 'utf8'),
('utf8_icelandic_ci', 'utf8'),
('utf8_latvian_ci', 'utf8'),
('utf8_romanian_ci', 'utf8'),
('utf8_slovenian_ci', 'utf8'),
('utf8_polish_ci', 'utf8'),
('utf8_estonian_ci', 'utf8'),
('utf8_spanish_ci', 'utf8'),
('utf8_swedish_ci', 'utf8'),
('utf8_turkish_ci', 'utf8'),
('utf8_czech_ci', 'utf8'),
('utf8_danish_ci', 'utf8'),
('utf8_lithuanian_ci', 'utf8'),
('utf8_slovak_ci', 'utf8'),
('utf8_spanish2_ci', 'utf8'),
('utf8_roman_ci', 'utf8'),
('utf8_persian_ci', 'utf8'),
('utf8_esperanto_ci', 'utf8'),
('utf8_hungarian_ci', 'utf8'),
('utf8_sinhala_ci', 'utf8'),
('utf8_general_mysql500_ci', 'utf8'),
('ucs2_general_ci', 'ucs2'),
('ucs2_bin', 'ucs2'),
('ucs2_unicode_ci', 'ucs2'),
('ucs2_icelandic_ci', 'ucs2'),
('ucs2_latvian_ci', 'ucs2'),
('ucs2_romanian_ci', 'ucs2'),
('ucs2_slovenian_ci', 'ucs2'),
('ucs2_polish_ci', 'ucs2'),
('ucs2_estonian_ci', 'ucs2'),
('ucs2_spanish_ci', 'ucs2'),
('ucs2_swedish_ci', 'ucs2'),
('ucs2_turkish_ci', 'ucs2'),
('ucs2_czech_ci', 'ucs2'),
('ucs2_danish_ci', 'ucs2'),
('ucs2_lithuanian_ci', 'ucs2'),
('ucs2_slovak_ci', 'ucs2'),
('ucs2_spanish2_ci', 'ucs2'),
('ucs2_roman_ci', 'ucs2'),
('ucs2_persian_ci', 'ucs2'),
('ucs2_esperanto_ci', 'ucs2'),
('ucs2_hungarian_ci', 'ucs2'),
('ucs2_sinhala_ci', 'ucs2'),
('ucs2_general_mysql500_ci', 'ucs2'),
('cp866_general_ci', 'cp866'),
('cp866_bin', 'cp866'),
('keybcs2_general_ci', 'keybcs2'),
('keybcs2_bin', 'keybcs2'),
('macce_general_ci', 'macce'),
('macce_bin', 'macce'),
('macroman_general_ci', 'macroman'),
('macroman_bin', 'macroman'),
('cp852_general_ci', 'cp852'),
('cp852_bin', 'cp852'),
('latin7_estonian_cs', 'latin7'),
('latin7_general_ci', 'latin7'),
('latin7_general_cs', 'latin7'),
('latin7_bin', 'latin7'),
('utf8mb4_general_ci', 'utf8mb4'),
('utf8mb4_bin', 'utf8mb4'),
('utf8mb4_unicode_ci', 'utf8mb4'),
('utf8mb4_icelandic_ci', 'utf8mb4'),
('utf8mb4_latvian_ci', 'utf8mb4'),
('utf8mb4_romanian_ci', 'utf8mb4'),
('utf8mb4_slovenian_ci', 'utf8mb4'),
('utf8mb4_polish_ci', 'utf8mb4'),
('utf8mb4_estonian_ci', 'utf8mb4'),
('utf8mb4_spanish_ci', 'utf8mb4'),
('utf8mb4_swedish_ci', 'utf8mb4'),
('utf8mb4_turkish_ci', 'utf8mb4'),
('utf8mb4_czech_ci', 'utf8mb4'),
('utf8mb4_danish_ci', 'utf8mb4'),
('utf8mb4_lithuanian_ci', 'utf8mb4'),
('utf8mb4_slovak_ci', 'utf8mb4'),
('utf8mb4_spanish2_ci', 'utf8mb4'),
('utf8mb4_roman_ci', 'utf8mb4'),
('utf8mb4_persian_ci', 'utf8mb4'),
('utf8mb4_esperanto_ci', 'utf8mb4'),
('utf8mb4_hungarian_ci', 'utf8mb4'),
('utf8mb4_sinhala_ci', 'utf8mb4'),
('cp1251_bulgarian_ci', 'cp1251'),
('cp1251_ukrainian_ci', 'cp1251'),
('cp1251_bin', 'cp1251'),
('cp1251_general_ci', 'cp1251'),
('cp1251_general_cs', 'cp1251'),
('utf16_general_ci', 'utf16'),
('utf16_bin', 'utf16'),
('utf16_unicode_ci', 'utf16'),
('utf16_icelandic_ci', 'utf16'),
('utf16_latvian_ci', 'utf16'),
('utf16_romanian_ci', 'utf16'),
('utf16_slovenian_ci', 'utf16'),
('utf16_polish_ci', 'utf16'),
('utf16_estonian_ci', 'utf16'),
('utf16_spanish_ci', 'utf16'),
('utf16_swedish_ci', 'utf16'),
('utf16_turkish_ci', 'utf16'),
('utf16_czech_ci', 'utf16'),
('utf16_danish_ci', 'utf16'),
('utf16_lithuanian_ci', 'utf16'),
('utf16_slovak_ci', 'utf16'),
('utf16_spanish2_ci', 'utf16'),
('utf16_roman_ci', 'utf16'),
('utf16_persian_ci', 'utf16'),
('utf16_esperanto_ci', 'utf16'),
('utf16_hungarian_ci', 'utf16'),
('utf16_sinhala_ci', 'utf16'),
('cp1256_general_ci', 'cp1256'),
('cp1256_bin', 'cp1256'),
('cp1257_lithuanian_ci', 'cp1257'),
('cp1257_bin', 'cp1257'),
('cp1257_general_ci', 'cp1257'),
('utf32_general_ci', 'utf32'),
('utf32_bin', 'utf32'),
('utf32_unicode_ci', 'utf32'),
('utf32_icelandic_ci', 'utf32'),
('utf32_latvian_ci', 'utf32'),
('utf32_romanian_ci', 'utf32'),
('utf32_slovenian_ci', 'utf32'),
('utf32_polish_ci', 'utf32'),
('utf32_estonian_ci', 'utf32'),
('utf32_spanish_ci', 'utf32'),
('utf32_swedish_ci', 'utf32'),
('utf32_turkish_ci', 'utf32'),
('utf32_czech_ci', 'utf32'),
('utf32_danish_ci', 'utf32'),
('utf32_lithuanian_ci', 'utf32'),
('utf32_slovak_ci', 'utf32'),
('utf32_spanish2_ci', 'utf32'),
('utf32_roman_ci', 'utf32'),
('utf32_persian_ci', 'utf32'),
('utf32_esperanto_ci', 'utf32'),
('utf32_hungarian_ci', 'utf32'),
('utf32_sinhala_ci', 'utf32'),
('binary', 'binary'),
('geostd8_general_ci', 'geostd8'),
('geostd8_bin', 'geostd8'),
('cp932_japanese_ci', 'cp932'),
('cp932_bin', 'cp932'),
('eucjpms_japanese_ci', 'eucjpms'),
('eucjpms_bin', 'eucjpms');

-- --------------------------------------------------------

--
-- Table structure for table `COLUMNS`
--

CREATE TEMPORARY TABLE `COLUMNS` (
  `TABLE_CATALOG` varchar(512) NOT NULL DEFAULT '',
  `TABLE_SCHEMA` varchar(64) NOT NULL DEFAULT '',
  `TABLE_NAME` varchar(64) NOT NULL DEFAULT '',
  `COLUMN_NAME` varchar(64) NOT NULL DEFAULT '',
  `ORDINAL_POSITION` bigint(21) unsigned NOT NULL DEFAULT '0',
  `COLUMN_DEFAULT` longtext,
  `IS_NULLABLE` varchar(3) NOT NULL DEFAULT '',
  `DATA_TYPE` varchar(64) NOT NULL DEFAULT '',
  `CHARACTER_MAXIMUM_LENGTH` bigint(21) unsigned DEFAULT NULL,
  `CHARACTER_OCTET_LENGTH` bigint(21) unsigned DEFAULT NULL,
  `NUMERIC_PRECISION` bigint(21) unsigned DEFAULT NULL,
  `NUMERIC_SCALE` bigint(21) unsigned DEFAULT NULL,
  `CHARACTER_SET_NAME` varchar(32) DEFAULT NULL,
  `COLLATION_NAME` varchar(32) DEFAULT NULL,
  `COLUMN_TYPE` longtext NOT NULL,
  `COLUMN_KEY` varchar(3) NOT NULL DEFAULT '',
  `EXTRA` varchar(27) NOT NULL DEFAULT '',
  `PRIVILEGES` varchar(80) NOT NULL DEFAULT '',
  `COLUMN_COMMENT` varchar(1024) NOT NULL DEFAULT ''
) ENGINE=MyISAM DEFAULT CHARSET=utf8;

--
-- Dumping data for table `COLUMNS`
--

INSERT INTO `COLUMNS` (`TABLE_CATALOG`, `TABLE_SCHEMA`, `TABLE_NAME`, `COLUMN_NAME`, `ORDINAL_POSITION`, `COLUMN_DEFAULT`, `IS_NULLABLE`, `DATA_TYPE`, `CHARACTER_MAXIMUM_LENGTH`, `CHARACTER_OCTET_LENGTH`, `NUMERIC_PRECISION`, `NUMERIC_SCALE`, `CHARACTER_SET_NAME`, `COLLATION_NAME`, `COLUMN_TYPE`, `COLUMN_KEY`, `EXTRA`, `PRIVILEGES`, `COLUMN_COMMENT`) VALUES
('def', 'information_schema', 'CHARACTER_SETS', 'CHARACTER_SET_NAME', 1, '', 'NO', 'varchar', 32, 96, NULL, NULL, 'utf8', 'utf8_general_ci', 'varchar(32)', '', '', 'select', ''),
('def', 'information_schema', 'CHARACTER_SETS', 'DEFAULT_COLLATE_NAME', 2, '', 'NO', 'varchar', 32, 96, NULL, NULL, 'utf8', 'utf8_general_ci', 'varchar(32)', '', '', 'select', ''),
('def', 'information_schema', 'CHARACTER_SETS', 'DESCRIPTION', 3, '', 'NO', 'varchar', 60, 180, NULL, NULL, 'utf8', 'utf8_general_ci', 'varchar(60)', '', '', 'select', ''),
('def', 'information_schema', 'CHARACTER_SETS', 'MAXLEN', 4, '0', 'NO', 'bigint', NULL, NULL, 19, 0, NULL, NULL, 'bigint(3)', '', '', 'select', ''),
('def', 'information_schema', 'COLLATIONS', 'COLLATION_NAME', 1, '', 'NO', 'varchar', 32, 96, NULL, NULL, 'utf8', 'utf8_general_ci', 'varchar(32)', '', '', 'select', ''),
('def', 'information_schema', 'COLLATIONS', 'CHARACTER_SET_NAME', 2, '', 'NO', 'varchar', 32, 96, NULL, NULL, 'utf8', 'utf8_general_ci', 'varchar(32)', '', '', 'select', ''),
('def', 'information_schema', 'COLLATIONS', 'ID', 3, '0', 'NO', 'bigint', NULL, NULL, 19, 0, NULL, NULL, 'bigint(11)', '', '', 'select', ''),
('def', 'information_schema', 'COLLATIONS', 'IS_DEFAULT', 4, '', 'NO', 'varchar', 3, 9, NULL, NULL, 'utf8', 'utf8_general_ci', 'varchar(3)', '', '', 'select', ''),
('def', 'information_schema', 'COLLATIONS', 'IS_COMPILED', 5, '', 'NO', 'varchar', 3, 9, NULL, NULL, 'utf8', 'utf8_general_ci', 'varchar(3)', '', '', 'select', ''),
('def', 'information_schema', 'COLLATIONS', 'SORTLEN', 6, '0', 'NO', 'bigint', NULL, NULL, 19, 0, NULL, NULL, 'bigint(3)', '', '', 'select', ''),
('def', 'information_schema', 'COLLATION_CHARACTER_SET_APPLICABILITY', 'COLLATION_NAME', 1, '', 'NO', 'varchar', 32, 96, NULL, NULL, 'utf8', 'utf8_general_ci', 'varchar(32)', '', '', 'select', ''),
('def', 'information_schema', 'COLLATION_CHARACTER_SET_APPLICABILITY', 'CHARACTER_SET_NAME', 2, '', 'NO', 'varchar', 32, 96, NULL, NULL, 'utf8', 'utf8_general_ci', 'varchar(32)', '', '', 'select', ''),
('def', 'information_schema', 'COLUMNS', 'TABLE_CATALOG', 1, '', 'NO', 'varchar', 512, 1536, NULL, NULL, 'utf8', 'utf8_general_ci', 'varchar(512)', '', '', 'select', ''),
('def', 'information_schema', 'COLUMNS', 'TABLE_SCHEMA', 2, '', 'NO', 'varchar', 64, 192, NULL, NULL, 'utf8', 'utf8_general_ci', 'varchar(64)', '', '', 'select', ''),
('def', 'information_schema', 'COLUMNS', 'TABLE_NAME', 3, '', 'NO', 'varchar', 64, 192, NULL, NULL, 'utf8', 'utf8_general_ci', 'varchar(64)', '', '', 'select', ''),
('def', 'information_schema', 'COLUMNS', 'COLUMN_NAME', 4, '', 'NO', 'varchar', 64, 192, NULL, NULL, 'utf8', 'utf8_general_ci', 'varchar(64)', '', '', 'select', ''),
('def', 'information_schema', 'COLUMNS', 'ORDINAL_POSITION', 5, '0', 'NO', 'bigint', NULL, NULL, 20, 0, NULL, NULL, 'bigint(21) unsigned', '', '', 'select', ''),
('def', 'information_schema', 'COLUMNS', 'COLUMN_DEFAULT', 6, NULL, 'YES', 'longtext', 4294967295, 4294967295, NULL, NULL, 'utf8', 'utf8_general_ci', 'longtext', '', '', 'select', ''),
('def', 'information_schema', 'COLUMNS', 'IS_NULLABLE', 7, '', 'NO', 'varchar', 3, 9, NULL, NULL, 'utf8', 'utf8_general_ci', 'varchar(3)', '', '', 'select', ''),
('def', 'information_schema', 'COLUMNS', 'DATA_TYPE', 8, '', 'NO', 'varchar', 64, 192, NULL, NULL, 'utf8', 'utf8_general_ci', 'varchar(64)', '', '', 'select', ''),
('def', 'information_schema', 'COLUMNS', 'CHARACTER_MAXIMUM_LENGTH', 9, NULL, 'YES', 'bigint', NULL, NULL, 20, 0, NULL, NULL, 'bigint(21) unsigned', '', '', 'select', ''),
('def', 'information_schema', 'COLUMNS', 'CHARACTER_OCTET_LENGTH', 10, NULL, 'YES', 'bigint', NULL, NULL, 20, 0, NULL, NULL, 'bigint(21) unsigned', '', '', 'select', ''),
('def', 'information_schema', 'COLUMNS', 'NUMERIC_PRECISION', 11, NULL, 'YES', 'bigint', NULL, NULL, 20, 0, NULL, NULL, 'bigint(21) unsigned', '', '', 'select', ''),
('def', 'information_schema', 'COLUMNS', 'NUMERIC_SCALE', 12, NULL, 'YES', 'bigint', NULL, NULL, 20, 0, NULL, NULL, 'bigint(21) unsigned', '', '', 'select', ''),
('def', 'information_schema', 'COLUMNS', 'CHARACTER_SET_NAME', 13, NULL, 'YES', 'varchar', 32, 96, NULL, NULL, 'utf8', 'utf8_general_ci', 'varchar(32)', '', '', 'select', ''),
('def', 'information_schema', 'COLUMNS', 'COLLATION_NAME', 14, NULL, 'YES', 'varchar', 32, 96, NULL, NULL, 'utf8', 'utf8_general_ci', 'varchar(32)', '', '', 'select', ''),
('def', 'information_schema', 'COLUMNS', 'COLUMN_TYPE', 15, NULL, 'NO', 'longtext', 4294967295, 4294967295, NULL, NULL, 'utf8', 'utf8_general_ci', 'longtext', '', '', 'select', ''),
('def', 'information_schema', 'COLUMNS', 'COLUMN_KEY', 16, '', 'NO', 'varchar', 3, 9, NULL, NULL, 'utf8', 'utf8_general_ci', 'varchar(3)', '', '', 'select', ''),
('def', 'information_schema', 'COLUMNS', 'EXTRA', 17, '', 'NO', 'varchar', 27, 81, NULL, NULL, 'utf8', 'utf8_general_ci', 'varchar(27)', '', '', 'select', ''),
('def', 'information_schema', 'COLUMNS', 'PRIVILEGES', 18, '', 'NO', 'varchar', 80, 240, NULL, NULL, 'utf8', 'utf8_general_ci', 'varchar(80)', '', '', 'select', ''),
('def', 'information_schema', 'COLUMNS', 'COLUMN_COMMENT', 19, '', 'NO', 'varchar', 1024, 3072, NULL, NULL, 'utf8', 'utf8_general_ci', 'varchar(1024)', '', '', 'select', ''),
('def', 'information_schema', 'COLUMN_PRIVILEGES', 'GRANTEE', 1, '', 'NO', 'varchar', 81, 243, NULL, NULL, 'utf8', 'utf8_general_ci', 'varchar(81)', '', '', 'select', ''),
('def', 'information_schema', 'COLUMN_PRIVILEGES', 'TABLE_CATALOG', 2, '', 'NO', 'varchar', 512, 1536, NULL, NULL, 'utf8', 'utf8_general_ci', 'varchar(512)', '', '', 'select', ''),
('def', 'information_schema', 'COLUMN_PRIVILEGES', 'TABLE_SCHEMA', 3, '', 'NO', 'varchar', 64, 192, NULL, NULL, 'utf8', 'utf8_general_ci', 'varchar(64)', '', '', 'select', ''),
('def', 'information_schema', 'COLUMN_PRIVILEGES', 'TABLE_NAME', 4, '', 'NO', 'varchar', 64, 192, NULL, NULL, 'utf8', 'utf8_general_ci', 'varchar(64)', '', '', 'select', ''),
('def', 'information_schema', 'COLUMN_PRIVILEGES', 'COLUMN_NAME', 5, '', 'NO', 'varchar', 64, 192, NULL, NULL, 'utf8', 'utf8_general_ci', 'varchar(64)', '', '', 'select', ''),
('def', 'information_schema', 'COLUMN_PRIVILEGES', 'PRIVILEGE_TYPE', 6, '', 'NO', 'varchar', 64, 192, NULL, NULL, 'utf8', 'utf8_general_ci', 'varchar(64)', '', '', 'select', ''),
('def', 'information_schema', 'COLUMN_PRIVILEGES', 'IS_GRANTABLE', 7, '', 'NO', 'varchar', 3, 9, NULL, NULL, 'utf8', 'utf8_general_ci', 'varchar(3)', '', '', 'select', ''),
('def', 'information_schema', 'ENGINES', 'ENGINE', 1, '', 'NO', 'varchar', 64, 192, NULL, NULL, 'utf8', 'utf8_general_ci', 'varchar(64)', '', '', 'select', ''),
('def', 'information_schema', 'ENGINES', 'SUPPORT', 2, '', 'NO', 'varchar', 8, 24, NULL, NULL, 'utf8', 'utf8_general_ci', 'varchar(8)', '', '', 'select', ''),
('def', 'information_schema', 'ENGINES', 'COMMENT', 3, '', 'NO', 'varchar', 80, 240, NULL, NULL, 'utf8', 'utf8_general_ci', 'varchar(80)', '', '', 'select', ''),
('def', 'information_schema', 'ENGINES', 'TRANSACTIONS', 4, NULL, 'YES', 'varchar', 3, 9, NULL, NULL, 'utf8', 'utf8_general_ci', 'varchar(3)', '', '', 'select', ''),
('def', 'information_schema', 'ENGINES', 'XA', 5, NULL, 'YES', 'varchar', 3, 9, NULL, NULL, 'utf8', 'utf8_general_ci', 'varchar(3)', '', '', 'select', ''),
('def', 'information_schema', 'ENGINES', 'SAVEPOINTS', 6, NULL, 'YES', 'varchar', 3, 9, NULL, NULL, 'utf8', 'utf8_general_ci', 'varchar(3)', '', '', 'select', ''),
('def', 'information_schema', 'EVENTS', 'EVENT_CATALOG', 1, '', 'NO', 'varchar', 64, 192, NULL, NULL, 'utf8', 'utf8_general_ci', 'varchar(64)', '', '', 'select', ''),
('def', 'information_schema', 'EVENTS', 'EVENT_SCHEMA', 2, '', 'NO', 'varchar', 64, 192, NULL, NULL, 'utf8', 'utf8_general_ci', 'varchar(64)', '', '', 'select', ''),
('def', 'information_schema', 'EVENTS', 'EVENT_NAME', 3, '', 'NO', 'varchar', 64, 192, NULL, NULL, 'utf8', 'utf8_general_ci', 'varchar(64)', '', '', 'select', ''),
('def', 'information_schema', 'EVENTS', 'DEFINER', 4, '', 'NO', 'varchar', 77, 231, NULL, NULL, 'utf8', 'utf8_general_ci', 'varchar(77)', '', '', 'select', ''),
('def', 'information_schema', 'EVENTS', 'TIME_ZONE', 5, '', 'NO', 'varchar', 64, 192, NULL, NULL, 'utf8', 'utf8_general_ci', 'varchar(64)', '', '', 'select', ''),
('def', 'information_schema', 'EVENTS', 'EVENT_BODY', 6, '', 'NO', 'varchar', 8, 24, NULL, NULL, 'utf8', 'utf8_general_ci', 'varchar(8)', '', '', 'select', ''),
('def', 'information_schema', 'EVENTS', 'EVENT_DEFINITION', 7, NULL, 'NO', 'longtext', 4294967295, 4294967295, NULL, NULL, 'utf8', 'utf8_general_ci', 'longtext', '', '', 'select', ''),
('def', 'information_schema', 'EVENTS', 'EVENT_TYPE', 8, '', 'NO', 'varchar', 9, 27, NULL, NULL, 'utf8', 'utf8_general_ci', 'varchar(9)', '', '', 'select', ''),
('def', 'information_schema', 'EVENTS', 'EXECUTE_AT', 9, NULL, 'YES', 'datetime', NULL, NULL, NULL, NULL, NULL, NULL, 'datetime', '', '', 'select', ''),
('def', 'information_schema', 'EVENTS', 'INTERVAL_VALUE', 10, NULL, 'YES', 'varchar', 256, 768, NULL, NULL, 'utf8', 'utf8_general_ci', 'varchar(256)', '', '', 'select', ''),
('def', 'information_schema', 'EVENTS', 'INTERVAL_FIELD', 11, NULL, 'YES', 'varchar', 18, 54, NULL, NULL, 'utf8', 'utf8_general_ci', 'varchar(18)', '', '', 'select', ''),
('def', 'information_schema', 'EVENTS', 'SQL_MODE', 12, '', 'NO', 'varchar', 8192, 24576, NULL, NULL, 'utf8', 'utf8_general_ci', 'varchar(8192)', '', '', 'select', ''),
('def', 'information_schema', 'EVENTS', 'STARTS', 13, NULL, 'YES', 'datetime', NULL, NULL, NULL, NULL, NULL, NULL, 'datetime', '', '', 'select', ''),
('def', 'information_schema', 'EVENTS', 'ENDS', 14, NULL, 'YES', 'datetime', NULL, NULL, NULL, NULL, NULL, NULL, 'datetime', '', '', 'select', ''),
('def', 'information_schema', 'EVENTS', 'STATUS', 15, '', 'NO', 'varchar', 18, 54, NULL, NULL, 'utf8', 'utf8_general_ci', 'varchar(18)', '', '', 'select', ''),
('def', 'information_schema', 'EVENTS', 'ON_COMPLETION', 16, '', 'NO', 'varchar', 12, 36, NULL, NULL, 'utf8', 'utf8_general_ci', 'varchar(12)', '', '', 'select', ''),
('def', 'information_schema', 'EVENTS', 'CREATED', 17, '0000-00-00 00:00:00', 'NO', 'datetime', NULL, NULL, NULL, NULL, NULL, NULL, 'datetime', '', '', 'select', ''),
('def', 'information_schema', 'EVENTS', 'LAST_ALTERED', 18, '0000-00-00 00:00:00', 'NO', 'datetime', NULL, NULL, NULL, NULL, NULL, NULL, 'datetime', '', '', 'select', ''),
('def', 'information_schema', 'EVENTS', 'LAST_EXECUTED', 19, NULL, 'YES', 'datetime', NULL, NULL, NULL, NULL, NULL, NULL, 'datetime', '', '', 'select', ''),
('def', 'information_schema', 'EVENTS', 'EVENT_COMMENT', 20, '', 'NO', 'varchar', 64, 192, NULL, NULL, 'utf8', 'utf8_general_ci', 'varchar(64)', '', '', 'select', ''),
('def', 'information_schema', 'EVENTS', 'ORIGINATOR', 21, '0', 'NO', 'bigint', NULL, NULL, 19, 0, NULL, NULL, 'bigint(10)', '', '', 'select', ''),
('def', 'information_schema', 'EVENTS', 'CHARACTER_SET_CLIENT', 22, '', 'NO', 'varchar', 32, 96, NULL, NULL, 'utf8', 'utf8_general_ci', 'varchar(32)', '', '', 'select', ''),
('def', 'information_schema', 'EVENTS', 'COLLATION_CONNECTION', 23, '', 'NO', 'varchar', 32, 96, NULL, NULL, 'utf8', 'utf8_general_ci', 'varchar(32)', '', '', 'select', ''),
('def', 'information_schema', 'EVENTS', 'DATABASE_COLLATION', 24, '', 'NO', 'varchar', 32, 96, NULL, NULL, 'utf8', 'utf8_general_ci', 'varchar(32)', '', '', 'select', ''),
('def', 'information_schema', 'FILES', 'FILE_ID', 1, '0', 'NO', 'bigint', NULL, NULL, 19, 0, NULL, NULL, 'bigint(4)', '', '', 'select', ''),
('def', 'information_schema', 'FILES', 'FILE_NAME', 2, NULL, 'YES', 'varchar', 64, 192, NULL, NULL, 'utf8', 'utf8_general_ci', 'varchar(64)', '', '', 'select', ''),
('def', 'information_schema', 'FILES', 'FILE_TYPE', 3, '', 'NO', 'varchar', 20, 60, NULL, NULL, 'utf8', 'utf8_general_ci', 'varchar(20)', '', '', 'select', ''),
('def', 'information_schema', 'FILES', 'TABLESPACE_NAME', 4, NULL, 'YES', 'varchar', 64, 192, NULL, NULL, 'utf8', 'utf8_general_ci', 'varchar(64)', '', '', 'select', ''),
('def', 'information_schema', 'FILES', 'TABLE_CATALOG', 5, '', 'NO', 'varchar', 64, 192, NULL, NULL, 'utf8', 'utf8_general_ci', 'varchar(64)', '', '', 'select', ''),
('def', 'information_schema', 'FILES', 'TABLE_SCHEMA', 6, NULL, 'YES', 'varchar', 64, 192, NULL, NULL, 'utf8', 'utf8_general_ci', 'varchar(64)', '', '', 'select', ''),
('def', 'information_schema', 'FILES', 'TABLE_NAME', 7, NULL, 'YES', 'varchar', 64, 192, NULL, NULL, 'utf8', 'utf8_general_ci', 'varchar(64)', '', '', 'select', ''),
('def', 'information_schema', 'FILES', 'LOGFILE_GROUP_NAME', 8, NULL, 'YES', 'varchar', 64, 192, NULL, NULL, 'utf8', 'utf8_general_ci', 'varchar(64)', '', '', 'select', ''),
('def', 'information_schema', 'FILES', 'LOGFILE_GROUP_NUMBER', 9, NULL, 'YES', 'bigint', NULL, NULL, 19, 0, NULL, NULL, 'bigint(4)', '', '', 'select', ''),
('def', 'information_schema', 'FILES', 'ENGINE', 10, '', 'NO', 'varchar', 64, 192, NULL, NULL, 'utf8', 'utf8_general_ci', 'varchar(64)', '', '', 'select', ''),
('def', 'information_schema', 'FILES', 'FULLTEXT_KEYS', 11, NULL, 'YES', 'varchar', 64, 192, NULL, NULL, 'utf8', 'utf8_general_ci', 'varchar(64)', '', '', 'select', ''),
('def', 'information_schema', 'FILES', 'DELETED_ROWS', 12, NULL, 'YES', 'bigint', NULL, NULL, 19, 0, NULL, NULL, 'bigint(4)', '', '', 'select', ''),
('def', 'information_schema', 'FILES', 'UPDATE_COUNT', 13, NULL, 'YES', 'bigint', NULL, NULL, 19, 0, NULL, NULL, 'bigint(4)', '', '', 'select', ''),
('def', 'information_schema', 'FILES', 'FREE_EXTENTS', 14, NULL, 'YES', 'bigint', NULL, NULL, 19, 0, NULL, NULL, 'bigint(4)', '', '', 'select', ''),
('def', 'information_schema', 'FILES', 'TOTAL_EXTENTS', 15, NULL, 'YES', 'bigint', NULL, NULL, 19, 0, NULL, NULL, 'bigint(4)', '', '', 'select', ''),
('def', 'information_schema', 'FILES', 'EXTENT_SIZE', 16, '0', 'NO', 'bigint', NULL, NULL, 19, 0, NULL, NULL, 'bigint(4)', '', '', 'select', ''),
('def', 'information_schema', 'FILES', 'INITIAL_SIZE', 17, NULL, 'YES', 'bigint', NULL, NULL, 20, 0, NULL, NULL, 'bigint(21) unsigned', '', '', 'select', ''),
('def', 'information_schema', 'FILES', 'MAXIMUM_SIZE', 18, NULL, 'YES', 'bigint', NULL, NULL, 20, 0, NULL, NULL, 'bigint(21) unsigned', '', '', 'select', ''),
('def', 'information_schema', 'FILES', 'AUTOEXTEND_SIZE', 19, NULL, 'YES', 'bigint', NULL, NULL, 20, 0, NULL, NULL, 'bigint(21) unsigned', '', '', 'select', ''),
('def', 'information_schema', 'FILES', 'CREATION_TIME', 20, NULL, 'YES', 'datetime', NULL, NULL, NULL, NULL, NULL, NULL, 'datetime', '', '', 'select', ''),
('def', 'information_schema', 'FILES', 'LAST_UPDATE_TIME', 21, NULL, 'YES', 'datetime', NULL, NULL, NULL, NULL, NULL, NULL, 'datetime', '', '', 'select', ''),
('def', 'information_schema', 'FILES', 'LAST_ACCESS_TIME', 22, NULL, 'YES', 'datetime', NULL, NULL, NULL, NULL, NULL, NULL, 'datetime', '', '', 'select', ''),
('def', 'information_schema', 'FILES', 'RECOVER_TIME', 23, NULL, 'YES', 'bigint', NULL, NULL, 19, 0, NULL, NULL, 'bigint(4)', '', '', 'select', ''),
('def', 'information_schema', 'FILES', 'TRANSACTION_COUNTER', 24, NULL, 'YES', 'bigint', NULL, NULL, 19, 0, NULL, NULL, 'bigint(4)', '', '', 'select', ''),
('def', 'information_schema', 'FILES', 'VERSION', 25, NULL, 'YES', 'bigint', NULL, NULL, 20, 0, NULL, NULL, 'bigint(21) unsigned', '', '', 'select', ''),
('def', 'information_schema', 'FILES', 'ROW_FORMAT', 26, NULL, 'YES', 'varchar', 10, 30, NULL, NULL, 'utf8', 'utf8_general_ci', 'varchar(10)', '', '', 'select', ''),
('def', 'information_schema', 'FILES', 'TABLE_ROWS', 27, NULL, 'YES', 'bigint', NULL, NULL, 20, 0, NULL, NULL, 'bigint(21) unsigned', '', '', 'select', ''),
('def', 'information_schema', 'FILES', 'AVG_ROW_LENGTH', 28, NULL, 'YES', 'bigint', NULL, NULL, 20, 0, NULL, NULL, 'bigint(21) unsigned', '', '', 'select', ''),
('def', 'information_schema', 'FILES', 'DATA_LENGTH', 29, NULL, 'YES', 'bigint', NULL, NULL, 20, 0, NULL, NULL, 'bigint(21) unsigned', '', '', 'select', ''),
('def', 'information_schema', 'FILES', 'MAX_DATA_LENGTH', 30, NULL, 'YES', 'bigint', NULL, NULL, 20, 0, NULL, NULL, 'bigint(21) unsigned', '', '', 'select', ''),
('def', 'information_schema', 'FILES', 'INDEX_LENGTH', 31, NULL, 'YES', 'bigint', NULL, NULL, 20, 0, NULL, NULL, 'bigint(21) unsigned', '', '', 'select', ''),
('def', 'information_schema', 'FILES', 'DATA_FREE', 32, NULL, 'YES', 'bigint', NULL, NULL, 20, 0, NULL, NULL, 'bigint(21) unsigned', '', '', 'select', ''),
('def', 'information_schema', 'FILES', 'CREATE_TIME', 33, NULL, 'YES', 'datetime', NULL, NULL, NULL, NULL, NULL, NULL, 'datetime', '', '', 'select', ''),
('def', 'information_schema', 'FILES', 'UPDATE_TIME', 34, NULL, 'YES', 'datetime', NULL, NULL, NULL, NULL, NULL, NULL, 'datetime', '', '', 'select', ''),
('def', 'information_schema', 'FILES', 'CHECK_TIME', 35, NULL, 'YES', 'datetime', NULL, NULL, NULL, NULL, NULL, NULL, 'datetime', '', '', 'select', ''),
('def', 'information_schema', 'FILES', 'CHECKSUM', 36, NULL, 'YES', 'bigint', NULL, NULL, 20, 0, NULL, NULL, 'bigint(21) unsigned', '', '', 'select', ''),
('def', 'information_schema', 'FILES', 'STATUS', 37, '', 'NO', 'varchar', 20, 60, NULL, NULL, 'utf8', 'utf8_general_ci', 'varchar(20)', '', '', 'select', ''),
('def', 'information_schema', 'FILES', 'EXTRA', 38, NULL, 'YES', 'varchar', 255, 765, NULL, NULL, 'utf8', 'utf8_general_ci', 'varchar(255)', '', '', 'select', ''),
('def', 'information_schema', 'GLOBAL_STATUS', 'VARIABLE_NAME', 1, '', 'NO', 'varchar', 64, 192, NULL, NULL, 'utf8', 'utf8_general_ci', 'varchar(64)', '', '', 'select', ''),
('def', 'information_schema', 'GLOBAL_STATUS', 'VARIABLE_VALUE', 2, NULL, 'YES', 'varchar', 1024, 3072, NULL, NULL, 'utf8', 'utf8_general_ci', 'varchar(1024)', '', '', 'select', ''),
('def', 'information_schema', 'GLOBAL_VARIABLES', 'VARIABLE_NAME', 1, '', 'NO', 'varchar', 64, 192, NULL, NULL, 'utf8', 'utf8_general_ci', 'varchar(64)', '', '', 'select', ''),
('def', 'information_schema', 'GLOBAL_VARIABLES', 'VARIABLE_VALUE', 2, NULL, 'YES', 'varchar', 1024, 3072, NULL, NULL, 'utf8', 'utf8_general_ci', 'varchar(1024)', '', '', 'select', ''),
('def', 'information_schema', 'KEY_COLUMN_USAGE', 'CONSTRAINT_CATALOG', 1, '', 'NO', 'varchar', 512, 1536, NULL, NULL, 'utf8', 'utf8_general_ci', 'varchar(512)', '', '', 'select', ''),
('def', 'information_schema', 'KEY_COLUMN_USAGE', 'CONSTRAINT_SCHEMA', 2, '', 'NO', 'varchar', 64, 192, NULL, NULL, 'utf8', 'utf8_general_ci', 'varchar(64)', '', '', 'select', ''),
('def', 'information_schema', 'KEY_COLUMN_USAGE', 'CONSTRAINT_NAME', 3, '', 'NO', 'varchar', 64, 192, NULL, NULL, 'utf8', 'utf8_general_ci', 'varchar(64)', '', '', 'select', ''),
('def', 'information_schema', 'KEY_COLUMN_USAGE', 'TABLE_CATALOG', 4, '', 'NO', 'varchar', 512, 1536, NULL, NULL, 'utf8', 'utf8_general_ci', 'varchar(512)', '', '', 'select', ''),
('def', 'information_schema', 'KEY_COLUMN_USAGE', 'TABLE_SCHEMA', 5, '', 'NO', 'varchar', 64, 192, NULL, NULL, 'utf8', 'utf8_general_ci', 'varchar(64)', '', '', 'select', ''),
('def', 'information_schema', 'KEY_COLUMN_USAGE', 'TABLE_NAME', 6, '', 'NO', 'varchar', 64, 192, NULL, NULL, 'utf8', 'utf8_general_ci', 'varchar(64)', '', '', 'select', ''),
('def', 'information_schema', 'KEY_COLUMN_USAGE', 'COLUMN_NAME', 7, '', 'NO', 'varchar', 64, 192, NULL, NULL, 'utf8', 'utf8_general_ci', 'varchar(64)', '', '', 'select', ''),
('def', 'information_schema', 'KEY_COLUMN_USAGE', 'ORDINAL_POSITION', 8, '0', 'NO', 'bigint', NULL, NULL, 19, 0, NULL, NULL, 'bigint(10)', '', '', 'select', ''),
('def', 'information_schema', 'KEY_COLUMN_USAGE', 'POSITION_IN_UNIQUE_CONSTRAINT', 9, NULL, 'YES', 'bigint', NULL, NULL, 19, 0, NULL, NULL, 'bigint(10)', '', '', 'select', ''),
('def', 'information_schema', 'KEY_COLUMN_USAGE', 'REFERENCED_TABLE_SCHEMA', 10, NULL, 'YES', 'varchar', 64, 192, NULL, NULL, 'utf8', 'utf8_general_ci', 'varchar(64)', '', '', 'select', ''),
('def', 'information_schema', 'KEY_COLUMN_USAGE', 'REFERENCED_TABLE_NAME', 11, NULL, 'YES', 'varchar', 64, 192, NULL, NULL, 'utf8', 'utf8_general_ci', 'varchar(64)', '', '', 'select', ''),
('def', 'information_schema', 'KEY_COLUMN_USAGE', 'REFERENCED_COLUMN_NAME', 12, NULL, 'YES', 'varchar', 64, 192, NULL, NULL, 'utf8', 'utf8_general_ci', 'varchar(64)', '', '', 'select', ''),
('def', 'information_schema', 'PARAMETERS', 'SPECIFIC_CATALOG', 1, '', 'NO', 'varchar', 512, 1536, NULL, NULL, 'utf8', 'utf8_general_ci', 'varchar(512)', '', '', 'select', ''),
('def', 'information_schema', 'PARAMETERS', 'SPECIFIC_SCHEMA', 2, '', 'NO', 'varchar', 64, 192, NULL, NULL, 'utf8', 'utf8_general_ci', 'varchar(64)', '', '', 'select', ''),
('def', 'information_schema', 'PARAMETERS', 'SPECIFIC_NAME', 3, '', 'NO', 'varchar', 64, 192, NULL, NULL, 'utf8', 'utf8_general_ci', 'varchar(64)', '', '', 'select', ''),
('def', 'information_schema', 'PARAMETERS', 'ORDINAL_POSITION', 4, '0', 'NO', 'int', NULL, NULL, 10, 0, NULL, NULL, 'int(21)', '', '', 'select', ''),
('def', 'information_schema', 'PARAMETERS', 'PARAMETER_MODE', 5, NULL, 'YES', 'varchar', 5, 15, NULL, NULL, 'utf8', 'utf8_general_ci', 'varchar(5)', '', '', 'select', ''),
('def', 'information_schema', 'PARAMETERS', 'PARAMETER_NAME', 6, NULL, 'YES', 'varchar', 64, 192, NULL, NULL, 'utf8', 'utf8_general_ci', 'varchar(64)', '', '', 'select', ''),
('def', 'information_schema', 'PARAMETERS', 'DATA_TYPE', 7, '', 'NO', 'varchar', 64, 192, NULL, NULL, 'utf8', 'utf8_general_ci', 'varchar(64)', '', '', 'select', ''),
('def', 'information_schema', 'PARAMETERS', 'CHARACTER_MAXIMUM_LENGTH', 8, NULL, 'YES', 'int', NULL, NULL, 10, 0, NULL, NULL, 'int(21)', '', '', 'select', ''),
('def', 'information_schema', 'PARAMETERS', 'CHARACTER_OCTET_LENGTH', 9, NULL, 'YES', 'int', NULL, NULL, 10, 0, NULL, NULL, 'int(21)', '', '', 'select', ''),
('def', 'information_schema', 'PARAMETERS', 'NUMERIC_PRECISION', 10, NULL, 'YES', 'int', NULL, NULL, 10, 0, NULL, NULL, 'int(21)', '', '', 'select', ''),
('def', 'information_schema', 'PARAMETERS', 'NUMERIC_SCALE', 11, NULL, 'YES', 'int', NULL, NULL, 10, 0, NULL, NULL, 'int(21)', '', '', 'select', ''),
('def', 'information_schema', 'PARAMETERS', 'CHARACTER_SET_NAME', 12, NULL, 'YES', 'varchar', 64, 192, NULL, NULL, 'utf8', 'utf8_general_ci', 'varchar(64)', '', '', 'select', ''),
('def', 'information_schema', 'PARAMETERS', 'COLLATION_NAME', 13, NULL, 'YES', 'varchar', 64, 192, NULL, NULL, 'utf8', 'utf8_general_ci', 'varchar(64)', '', '', 'select', ''),
('def', 'information_schema', 'PARAMETERS', 'DTD_IDENTIFIER', 14, NULL, 'NO', 'longtext', 4294967295, 4294967295, NULL, NULL, 'utf8', 'utf8_general_ci', 'longtext', '', '', 'select', ''),
('def', 'information_schema', 'PARAMETERS', 'ROUTINE_TYPE', 15, '', 'NO', 'varchar', 9, 27, NULL, NULL, 'utf8', 'utf8_general_ci', 'varchar(9)', '', '', 'select', ''),
('def', 'information_schema', 'PARTITIONS', 'TABLE_CATALOG', 1, '', 'NO', 'varchar', 512, 1536, NULL, NULL, 'utf8', 'utf8_general_ci', 'varchar(512)', '', '', 'select', ''),
('def', 'information_schema', 'PARTITIONS', 'TABLE_SCHEMA', 2, '', 'NO', 'varchar', 64, 192, NULL, NULL, 'utf8', 'utf8_general_ci', 'varchar(64)', '', '', 'select', ''),
('def', 'information_schema', 'PARTITIONS', 'TABLE_NAME', 3, '', 'NO', 'varchar', 64, 192, NULL, NULL, 'utf8', 'utf8_general_ci', 'varchar(64)', '', '', 'select', ''),
('def', 'information_schema', 'PARTITIONS', 'PARTITION_NAME', 4, NULL, 'YES', 'varchar', 64, 192, NULL, NULL, 'utf8', 'utf8_general_ci', 'varchar(64)', '', '', 'select', ''),
('def', 'information_schema', 'PARTITIONS', 'SUBPARTITION_NAME', 5, NULL, 'YES', 'varchar', 64, 192, NULL, NULL, 'utf8', 'utf8_general_ci', 'varchar(64)', '', '', 'select', ''),
('def', 'information_schema', 'PARTITIONS', 'PARTITION_ORDINAL_POSITION', 6, NULL, 'YES', 'bigint', NULL, NULL, 20, 0, NULL, NULL, 'bigint(21) unsigned', '', '', 'select', ''),
('def', 'information_schema', 'PARTITIONS', 'SUBPARTITION_ORDINAL_POSITION', 7, NULL, 'YES', 'bigint', NULL, NULL, 20, 0, NULL, NULL, 'bigint(21) unsigned', '', '', 'select', ''),
('def', 'information_schema', 'PARTITIONS', 'PARTITION_METHOD', 8, NULL, 'YES', 'varchar', 18, 54, NULL, NULL, 'utf8', 'utf8_general_ci', 'varchar(18)', '', '', 'select', ''),
('def', 'information_schema', 'PARTITIONS', 'SUBPARTITION_METHOD', 9, NULL, 'YES', 'varchar', 12, 36, NULL, NULL, 'utf8', 'utf8_general_ci', 'varchar(12)', '', '', 'select', ''),
('def', 'information_schema', 'PARTITIONS', 'PARTITION_EXPRESSION', 10, NULL, 'YES', 'longtext', 4294967295, 4294967295, NULL, NULL, 'utf8', 'utf8_general_ci', 'longtext', '', '', 'select', ''),
('def', 'information_schema', 'PARTITIONS', 'SUBPARTITION_EXPRESSION', 11, NULL, 'YES', 'longtext', 4294967295, 4294967295, NULL, NULL, 'utf8', 'utf8_general_ci', 'longtext', '', '', 'select', ''),
('def', 'information_schema', 'PARTITIONS', 'PARTITION_DESCRIPTION', 12, NULL, 'YES', 'longtext', 4294967295, 4294967295, NULL, NULL, 'utf8', 'utf8_general_ci', 'longtext', '', '', 'select', ''),
('def', 'information_schema', 'PARTITIONS', 'TABLE_ROWS', 13, '0', 'NO', 'bigint', NULL, NULL, 20, 0, NULL, NULL, 'bigint(21) unsigned', '', '', 'select', ''),
('def', 'information_schema', 'PARTITIONS', 'AVG_ROW_LENGTH', 14, '0', 'NO', 'bigint', NULL, NULL, 20, 0, NULL, NULL, 'bigint(21) unsigned', '', '', 'select', ''),
('def', 'information_schema', 'PARTITIONS', 'DATA_LENGTH', 15, '0', 'NO', 'bigint', NULL, NULL, 20, 0, NULL, NULL, 'bigint(21) unsigned', '', '', 'select', ''),
('def', 'information_schema', 'PARTITIONS', 'MAX_DATA_LENGTH', 16, NULL, 'YES', 'bigint', NULL, NULL, 20, 0, NULL, NULL, 'bigint(21) unsigned', '', '', 'select', ''),
('def', 'information_schema', 'PARTITIONS', 'INDEX_LENGTH', 17, '0', 'NO', 'bigint', NULL, NULL, 20, 0, NULL, NULL, 'bigint(21) unsigned', '', '', 'select', ''),
('def', 'information_schema', 'PARTITIONS', 'DATA_FREE', 18, '0', 'NO', 'bigint', NULL, NULL, 20, 0, NULL, NULL, 'bigint(21) unsigned', '', '', 'select', ''),
('def', 'information_schema', 'PARTITIONS', 'CREATE_TIME', 19, NULL, 'YES', 'datetime', NULL, NULL, NULL, NULL, NULL, NULL, 'datetime', '', '', 'select', ''),
('def', 'information_schema', 'PARTITIONS', 'UPDATE_TIME', 20, NULL, 'YES', 'datetime', NULL, NULL, NULL, NULL, NULL, NULL, 'datetime', '', '', 'select', ''),
('def', 'information_schema', 'PARTITIONS', 'CHECK_TIME', 21, NULL, 'YES', 'datetime', NULL, NULL, NULL, NULL, NULL, NULL, 'datetime', '', '', 'select', ''),
('def', 'information_schema', 'PARTITIONS', 'CHECKSUM', 22, NULL, 'YES', 'bigint', NULL, NULL, 20, 0, NULL, NULL, 'bigint(21) unsigned', '', '', 'select', ''),
('def', 'information_schema', 'PARTITIONS', 'PARTITION_COMMENT', 23, '', 'NO', 'varchar', 80, 240, NULL, NULL, 'utf8', 'utf8_general_ci', 'varchar(80)', '', '', 'select', ''),
('def', 'information_schema', 'PARTITIONS', 'NODEGROUP', 24, '', 'NO', 'varchar', 12, 36, NULL, NULL, 'utf8', 'utf8_general_ci', 'varchar(12)', '', '', 'select', ''),
('def', 'information_schema', 'PARTITIONS', 'TABLESPACE_NAME', 25, NULL, 'YES', 'varchar', 64, 192, NULL, NULL, 'utf8', 'utf8_general_ci', 'varchar(64)', '', '', 'select', ''),
('def', 'information_schema', 'PLUGINS', 'PLUGIN_NAME', 1, '', 'NO', 'varchar', 64, 192, NULL, NULL, 'utf8', 'utf8_general_ci', 'varchar(64)', '', '', 'select', ''),
('def', 'information_schema', 'PLUGINS', 'PLUGIN_VERSION', 2, '', 'NO', 'varchar', 20, 60, NULL, NULL, 'utf8', 'utf8_general_ci', 'varchar(20)', '', '', 'select', ''),
('def', 'information_schema', 'PLUGINS', 'PLUGIN_STATUS', 3, '', 'NO', 'varchar', 10, 30, NULL, NULL, 'utf8', 'utf8_general_ci', 'varchar(10)', '', '', 'select', ''),
('def', 'information_schema', 'PLUGINS', 'PLUGIN_TYPE', 4, '', 'NO', 'varchar', 80, 240, NULL, NULL, 'utf8', 'utf8_general_ci', 'varchar(80)', '', '', 'select', ''),
('def', 'information_schema', 'PLUGINS', 'PLUGIN_TYPE_VERSION', 5, '', 'NO', 'varchar', 20, 60, NULL, NULL, 'utf8', 'utf8_general_ci', 'varchar(20)', '', '', 'select', ''),
('def', 'information_schema', 'PLUGINS', 'PLUGIN_LIBRARY', 6, NULL, 'YES', 'varchar', 64, 192, NULL, NULL, 'utf8', 'utf8_general_ci', 'varchar(64)', '', '', 'select', ''),
('def', 'information_schema', 'PLUGINS', 'PLUGIN_LIBRARY_VERSION', 7, NULL, 'YES', 'varchar', 20, 60, NULL, NULL, 'utf8', 'utf8_general_ci', 'varchar(20)', '', '', 'select', ''),
('def', 'information_schema', 'PLUGINS', 'PLUGIN_AUTHOR', 8, NULL, 'YES', 'varchar', 64, 192, NULL, NULL, 'utf8', 'utf8_general_ci', 'varchar(64)', '', '', 'select', ''),
('def', 'information_schema', 'PLUGINS', 'PLUGIN_DESCRIPTION', 9, NULL, 'YES', 'longtext', 4294967295, 4294967295, NULL, NULL, 'utf8', 'utf8_general_ci', 'longtext', '', '', 'select', ''),
('def', 'information_schema', 'PLUGINS', 'PLUGIN_LICENSE', 10, NULL, 'YES', 'varchar', 80, 240, NULL, NULL, 'utf8', 'utf8_general_ci', 'varchar(80)', '', '', 'select', ''),
('def', 'information_schema', 'PLUGINS', 'LOAD_OPTION', 11, '', 'NO', 'varchar', 64, 192, NULL, NULL, 'utf8', 'utf8_general_ci', 'varchar(64)', '', '', 'select', ''),
('def', 'information_schema', 'PROCESSLIST', 'ID', 1, '0', 'NO', 'bigint', NULL, NULL, 19, 0, NULL, NULL, 'bigint(4)', '', '', 'select', ''),
('def', 'information_schema', 'PROCESSLIST', 'USER', 2, '', 'NO', 'varchar', 16, 48, NULL, NULL, 'utf8', 'utf8_general_ci', 'varchar(16)', '', '', 'select', ''),
('def', 'information_schema', 'PROCESSLIST', 'HOST', 3, '', 'NO', 'varchar', 64, 192, NULL, NULL, 'utf8', 'utf8_general_ci', 'varchar(64)', '', '', 'select', ''),
('def', 'information_schema', 'PROCESSLIST', 'DB', 4, NULL, 'YES', 'varchar', 64, 192, NULL, NULL, 'utf8', 'utf8_general_ci', 'varchar(64)', '', '', 'select', ''),
('def', 'information_schema', 'PROCESSLIST', 'COMMAND', 5, '', 'NO', 'varchar', 16, 48, NULL, NULL, 'utf8', 'utf8_general_ci', 'varchar(16)', '', '', 'select', ''),
('def', 'information_schema', 'PROCESSLIST', 'TIME', 6, '0', 'NO', 'int', NULL, NULL, 10, 0, NULL, NULL, 'int(7)', '', '', 'select', ''),
('def', 'information_schema', 'PROCESSLIST', 'STATE', 7, NULL, 'YES', 'varchar', 64, 192, NULL, NULL, 'utf8', 'utf8_general_ci', 'varchar(64)', '', '', 'select', ''),
('def', 'information_schema', 'PROCESSLIST', 'INFO', 8, NULL, 'YES', 'longtext', 4294967295, 4294967295, NULL, NULL, 'utf8', 'utf8_general_ci', 'longtext', '', '', 'select', ''),
('def', 'information_schema', 'PROFILING', 'QUERY_ID', 1, '0', 'NO', 'int', NULL, NULL, 10, 0, NULL, NULL, 'int(20)', '', '', 'select', ''),
('def', 'information_schema', 'PROFILING', 'SEQ', 2, '0', 'NO', 'int', NULL, NULL, 10, 0, NULL, NULL, 'int(20)', '', '', 'select', ''),
('def', 'information_schema', 'PROFILING', 'STATE', 3, '', 'NO', 'varchar', 30, 90, NULL, NULL, 'utf8', 'utf8_general_ci', 'varchar(30)', '', '', 'select', ''),
('def', 'information_schema', 'PROFILING', 'DURATION', 4, '0.000000', 'NO', 'decimal', NULL, NULL, 9, 6, NULL, NULL, 'decimal(9,6)', '', '', 'select', ''),
('def', 'information_schema', 'PROFILING', 'CPU_USER', 5, NULL, 'YES', 'decimal', NULL, NULL, 9, 6, NULL, NULL, 'decimal(9,6)', '', '', 'select', ''),
('def', 'information_schema', 'PROFILING', 'CPU_SYSTEM', 6, NULL, 'YES', 'decimal', NULL, NULL, 9, 6, NULL, NULL, 'decimal(9,6)', '', '', 'select', ''),
('def', 'information_schema', 'PROFILING', 'CONTEXT_VOLUNTARY', 7, NULL, 'YES', 'int', NULL, NULL, 10, 0, NULL, NULL, 'int(20)', '', '', 'select', ''),
('def', 'information_schema', 'PROFILING', 'CONTEXT_INVOLUNTARY', 8, NULL, 'YES', 'int', NULL, NULL, 10, 0, NULL, NULL, 'int(20)', '', '', 'select', ''),
('def', 'information_schema', 'PROFILING', 'BLOCK_OPS_IN', 9, NULL, 'YES', 'int', NULL, NULL, 10, 0, NULL, NULL, 'int(20)', '', '', 'select', ''),
('def', 'information_schema', 'PROFILING', 'BLOCK_OPS_OUT', 10, NULL, 'YES', 'int', NULL, NULL, 10, 0, NULL, NULL, 'int(20)', '', '', 'select', ''),
('def', 'information_schema', 'PROFILING', 'MESSAGES_SENT', 11, NULL, 'YES', 'int', NULL, NULL, 10, 0, NULL, NULL, 'int(20)', '', '', 'select', ''),
('def', 'information_schema', 'PROFILING', 'MESSAGES_RECEIVED', 12, NULL, 'YES', 'int', NULL, NULL, 10, 0, NULL, NULL, 'int(20)', '', '', 'select', ''),
('def', 'information_schema', 'PROFILING', 'PAGE_FAULTS_MAJOR', 13, NULL, 'YES', 'int', NULL, NULL, 10, 0, NULL, NULL, 'int(20)', '', '', 'select', ''),
('def', 'information_schema', 'PROFILING', 'PAGE_FAULTS_MINOR', 14, NULL, 'YES', 'int', NULL, NULL, 10, 0, NULL, NULL, 'int(20)', '', '', 'select', ''),
('def', 'information_schema', 'PROFILING', 'SWAPS', 15, NULL, 'YES', 'int', NULL, NULL, 10, 0, NULL, NULL, 'int(20)', '', '', 'select', ''),
('def', 'information_schema', 'PROFILING', 'SOURCE_FUNCTION', 16, NULL, 'YES', 'varchar', 30, 90, NULL, NULL, 'utf8', 'utf8_general_ci', 'varchar(30)', '', '', 'select', ''),
('def', 'information_schema', 'PROFILING', 'SOURCE_FILE', 17, NULL, 'YES', 'varchar', 20, 60, NULL, NULL, 'utf8', 'utf8_general_ci', 'varchar(20)', '', '', 'select', ''),
('def', 'information_schema', 'PROFILING', 'SOURCE_LINE', 18, NULL, 'YES', 'int', NULL, NULL, 10, 0, NULL, NULL, 'int(20)', '', '', 'select', ''),
('def', 'information_schema', 'REFERENTIAL_CONSTRAINTS', 'CONSTRAINT_CATALOG', 1, '', 'NO', 'varchar', 512, 1536, NULL, NULL, 'utf8', 'utf8_general_ci', 'varchar(512)', '', '', 'select', ''),
('def', 'information_schema', 'REFERENTIAL_CONSTRAINTS', 'CONSTRAINT_SCHEMA', 2, '', 'NO', 'varchar', 64, 192, NULL, NULL, 'utf8', 'utf8_general_ci', 'varchar(64)', '', '', 'select', ''),
('def', 'information_schema', 'REFERENTIAL_CONSTRAINTS', 'CONSTRAINT_NAME', 3, '', 'NO', 'varchar', 64, 192, NULL, NULL, 'utf8', 'utf8_general_ci', 'varchar(64)', '', '', 'select', ''),
('def', 'information_schema', 'REFERENTIAL_CONSTRAINTS', 'UNIQUE_CONSTRAINT_CATALOG', 4, '', 'NO', 'varchar', 512, 1536, NULL, NULL, 'utf8', 'utf8_general_ci', 'varchar(512)', '', '', 'select', ''),
('def', 'information_schema', 'REFERENTIAL_CONSTRAINTS', 'UNIQUE_CONSTRAINT_SCHEMA', 5, '', 'NO', 'varchar', 64, 192, NULL, NULL, 'utf8', 'utf8_general_ci', 'varchar(64)', '', '', 'select', ''),
('def', 'information_schema', 'REFERENTIAL_CONSTRAINTS', 'UNIQUE_CONSTRAINT_NAME', 6, NULL, 'YES', 'varchar', 64, 192, NULL, NULL, 'utf8', 'utf8_general_ci', 'varchar(64)', '', '', 'select', ''),
('def', 'information_schema', 'REFERENTIAL_CONSTRAINTS', 'MATCH_OPTION', 7, '', 'NO', 'varchar', 64, 192, NULL, NULL, 'utf8', 'utf8_general_ci', 'varchar(64)', '', '', 'select', ''),
('def', 'information_schema', 'REFERENTIAL_CONSTRAINTS', 'UPDATE_RULE', 8, '', 'NO', 'varchar', 64, 192, NULL, NULL, 'utf8', 'utf8_general_ci', 'varchar(64)', '', '', 'select', ''),
('def', 'information_schema', 'REFERENTIAL_CONSTRAINTS', 'DELETE_RULE', 9, '', 'NO', 'varchar', 64, 192, NULL, NULL, 'utf8', 'utf8_general_ci', 'varchar(64)', '', '', 'select', ''),
('def', 'information_schema', 'REFERENTIAL_CONSTRAINTS', 'TABLE_NAME', 10, '', 'NO', 'varchar', 64, 192, NULL, NULL, 'utf8', 'utf8_general_ci', 'varchar(64)', '', '', 'select', ''),
('def', 'information_schema', 'REFERENTIAL_CONSTRAINTS', 'REFERENCED_TABLE_NAME', 11, '', 'NO', 'varchar', 64, 192, NULL, NULL, 'utf8', 'utf8_general_ci', 'varchar(64)', '', '', 'select', ''),
('def', 'information_schema', 'ROUTINES', 'SPECIFIC_NAME', 1, '', 'NO', 'varchar', 64, 192, NULL, NULL, 'utf8', 'utf8_general_ci', 'varchar(64)', '', '', 'select', ''),
('def', 'information_schema', 'ROUTINES', 'ROUTINE_CATALOG', 2, '', 'NO', 'varchar', 512, 1536, NULL, NULL, 'utf8', 'utf8_general_ci', 'varchar(512)', '', '', 'select', ''),
('def', 'information_schema', 'ROUTINES', 'ROUTINE_SCHEMA', 3, '', 'NO', 'varchar', 64, 192, NULL, NULL, 'utf8', 'utf8_general_ci', 'varchar(64)', '', '', 'select', ''),
('def', 'information_schema', 'ROUTINES', 'ROUTINE_NAME', 4, '', 'NO', 'varchar', 64, 192, NULL, NULL, 'utf8', 'utf8_general_ci', 'varchar(64)', '', '', 'select', ''),
('def', 'information_schema', 'ROUTINES', 'ROUTINE_TYPE', 5, '', 'NO', 'varchar', 9, 27, NULL, NULL, 'utf8', 'utf8_general_ci', 'varchar(9)', '', '', 'select', ''),
('def', 'information_schema', 'ROUTINES', 'DATA_TYPE', 6, '', 'NO', 'varchar', 64, 192, NULL, NULL, 'utf8', 'utf8_general_ci', 'varchar(64)', '', '', 'select', ''),
('def', 'information_schema', 'ROUTINES', 'CHARACTER_MAXIMUM_LENGTH', 7, NULL, 'YES', 'int', NULL, NULL, 10, 0, NULL, NULL, 'int(21)', '', '', 'select', ''),
('def', 'information_schema', 'ROUTINES', 'CHARACTER_OCTET_LENGTH', 8, NULL, 'YES', 'int', NULL, NULL, 10, 0, NULL, NULL, 'int(21)', '', '', 'select', ''),
('def', 'information_schema', 'ROUTINES', 'NUMERIC_PRECISION', 9, NULL, 'YES', 'int', NULL, NULL, 10, 0, NULL, NULL, 'int(21)', '', '', 'select', ''),
('def', 'information_schema', 'ROUTINES', 'NUMERIC_SCALE', 10, NULL, 'YES', 'int', NULL, NULL, 10, 0, NULL, NULL, 'int(21)', '', '', 'select', ''),
('def', 'information_schema', 'ROUTINES', 'CHARACTER_SET_NAME', 11, NULL, 'YES', 'varchar', 64, 192, NULL, NULL, 'utf8', 'utf8_general_ci', 'varchar(64)', '', '', 'select', ''),
('def', 'information_schema', 'ROUTINES', 'COLLATION_NAME', 12, NULL, 'YES', 'varchar', 64, 192, NULL, NULL, 'utf8', 'utf8_general_ci', 'varchar(64)', '', '', 'select', ''),
('def', 'information_schema', 'ROUTINES', 'DTD_IDENTIFIER', 13, NULL, 'YES', 'longtext', 4294967295, 4294967295, NULL, NULL, 'utf8', 'utf8_general_ci', 'longtext', '', '', 'select', ''),
('def', 'information_schema', 'ROUTINES', 'ROUTINE_BODY', 14, '', 'NO', 'varchar', 8, 24, NULL, NULL, 'utf8', 'utf8_general_ci', 'varchar(8)', '', '', 'select', ''),
('def', 'information_schema', 'ROUTINES', 'ROUTINE_DEFINITION', 15, NULL, 'YES', 'longtext', 4294967295, 4294967295, NULL, NULL, 'utf8', 'utf8_general_ci', 'longtext', '', '', 'select', ''),
('def', 'information_schema', 'ROUTINES', 'EXTERNAL_NAME', 16, NULL, 'YES', 'varchar', 64, 192, NULL, NULL, 'utf8', 'utf8_general_ci', 'varchar(64)', '', '', 'select', ''),
('def', 'information_schema', 'ROUTINES', 'EXTERNAL_LANGUAGE', 17, NULL, 'YES', 'varchar', 64, 192, NULL, NULL, 'utf8', 'utf8_general_ci', 'varchar(64)', '', '', 'select', ''),
('def', 'information_schema', 'ROUTINES', 'PARAMETER_STYLE', 18, '', 'NO', 'varchar', 8, 24, NULL, NULL, 'utf8', 'utf8_general_ci', 'varchar(8)', '', '', 'select', ''),
('def', 'information_schema', 'ROUTINES', 'IS_DETERMINISTIC', 19, '', 'NO', 'varchar', 3, 9, NULL, NULL, 'utf8', 'utf8_general_ci', 'varchar(3)', '', '', 'select', ''),
('def', 'information_schema', 'ROUTINES', 'SQL_DATA_ACCESS', 20, '', 'NO', 'varchar', 64, 192, NULL, NULL, 'utf8', 'utf8_general_ci', 'varchar(64)', '', '', 'select', ''),
('def', 'information_schema', 'ROUTINES', 'SQL_PATH', 21, NULL, 'YES', 'varchar', 64, 192, NULL, NULL, 'utf8', 'utf8_general_ci', 'varchar(64)', '', '', 'select', ''),
('def', 'information_schema', 'ROUTINES', 'SECURITY_TYPE', 22, '', 'NO', 'varchar', 7, 21, NULL, NULL, 'utf8', 'utf8_general_ci', 'varchar(7)', '', '', 'select', ''),
('def', 'information_schema', 'ROUTINES', 'CREATED', 23, '0000-00-00 00:00:00', 'NO', 'datetime', NULL, NULL, NULL, NULL, NULL, NULL, 'datetime', '', '', 'select', ''),
('def', 'information_schema', 'ROUTINES', 'LAST_ALTERED', 24, '0000-00-00 00:00:00', 'NO', 'datetime', NULL, NULL, NULL, NULL, NULL, NULL, 'datetime', '', '', 'select', ''),
('def', 'information_schema', 'ROUTINES', 'SQL_MODE', 25, '', 'NO', 'varchar', 8192, 24576, NULL, NULL, 'utf8', 'utf8_general_ci', 'varchar(8192)', '', '', 'select', ''),
('def', 'information_schema', 'ROUTINES', 'ROUTINE_COMMENT', 26, NULL, 'NO', 'longtext', 4294967295, 4294967295, NULL, NULL, 'utf8', 'utf8_general_ci', 'longtext', '', '', 'select', ''),
('def', 'information_schema', 'ROUTINES', 'DEFINER', 27, '', 'NO', 'varchar', 77, 231, NULL, NULL, 'utf8', 'utf8_general_ci', 'varchar(77)', '', '', 'select', ''),
('def', 'information_schema', 'ROUTINES', 'CHARACTER_SET_CLIENT', 28, '', 'NO', 'varchar', 32, 96, NULL, NULL, 'utf8', 'utf8_general_ci', 'varchar(32)', '', '', 'select', ''),
('def', 'information_schema', 'ROUTINES', 'COLLATION_CONNECTION', 29, '', 'NO', 'varchar', 32, 96, NULL, NULL, 'utf8', 'utf8_general_ci', 'varchar(32)', '', '', 'select', ''),
('def', 'information_schema', 'ROUTINES', 'DATABASE_COLLATION', 30, '', 'NO', 'varchar', 32, 96, NULL, NULL, 'utf8', 'utf8_general_ci', 'varchar(32)', '', '', 'select', ''),
('def', 'information_schema', 'SCHEMATA', 'CATALOG_NAME', 1, '', 'NO', 'varchar', 512, 1536, NULL, NULL, 'utf8', 'utf8_general_ci', 'varchar(512)', '', '', 'select', ''),
('def', 'information_schema', 'SCHEMATA', 'SCHEMA_NAME', 2, '', 'NO', 'varchar', 64, 192, NULL, NULL, 'utf8', 'utf8_general_ci', 'varchar(64)', '', '', 'select', ''),
('def', 'information_schema', 'SCHEMATA', 'DEFAULT_CHARACTER_SET_NAME', 3, '', 'NO', 'varchar', 32, 96, NULL, NULL, 'utf8', 'utf8_general_ci', 'varchar(32)', '', '', 'select', ''),
('def', 'information_schema', 'SCHEMATA', 'DEFAULT_COLLATION_NAME', 4, '', 'NO', 'varchar', 32, 96, NULL, NULL, 'utf8', 'utf8_general_ci', 'varchar(32)', '', '', 'select', ''),
('def', 'information_schema', 'SCHEMATA', 'SQL_PATH', 5, NULL, 'YES', 'varchar', 512, 1536, NULL, NULL, 'utf8', 'utf8_general_ci', 'varchar(512)', '', '', 'select', ''),
('def', 'information_schema', 'SCHEMA_PRIVILEGES', 'GRANTEE', 1, '', 'NO', 'varchar', 81, 243, NULL, NULL, 'utf8', 'utf8_general_ci', 'varchar(81)', '', '', 'select', ''),
('def', 'information_schema', 'SCHEMA_PRIVILEGES', 'TABLE_CATALOG', 2, '', 'NO', 'varchar', 512, 1536, NULL, NULL, 'utf8', 'utf8_general_ci', 'varchar(512)', '', '', 'select', ''),
('def', 'information_schema', 'SCHEMA_PRIVILEGES', 'TABLE_SCHEMA', 3, '', 'NO', 'varchar', 64, 192, NULL, NULL, 'utf8', 'utf8_general_ci', 'varchar(64)', '', '', 'select', ''),
('def', 'information_schema', 'SCHEMA_PRIVILEGES', 'PRIVILEGE_TYPE', 4, '', 'NO', 'varchar', 64, 192, NULL, NULL, 'utf8', 'utf8_general_ci', 'varchar(64)', '', '', 'select', ''),
('def', 'information_schema', 'SCHEMA_PRIVILEGES', 'IS_GRANTABLE', 5, '', 'NO', 'varchar', 3, 9, NULL, NULL, 'utf8', 'utf8_general_ci', 'varchar(3)', '', '', 'select', ''),
('def', 'information_schema', 'SESSION_STATUS', 'VARIABLE_NAME', 1, '', 'NO', 'varchar', 64, 192, NULL, NULL, 'utf8', 'utf8_general_ci', 'varchar(64)', '', '', 'select', ''),
('def', 'information_schema', 'SESSION_STATUS', 'VARIABLE_VALUE', 2, NULL, 'YES', 'varchar', 1024, 3072, NULL, NULL, 'utf8', 'utf8_general_ci', 'varchar(1024)', '', '', 'select', ''),
('def', 'information_schema', 'SESSION_VARIABLES', 'VARIABLE_NAME', 1, '', 'NO', 'varchar', 64, 192, NULL, NULL, 'utf8', 'utf8_general_ci', 'varchar(64)', '', '', 'select', ''),
('def', 'information_schema', 'SESSION_VARIABLES', 'VARIABLE_VALUE', 2, NULL, 'YES', 'varchar', 1024, 3072, NULL, NULL, 'utf8', 'utf8_general_ci', 'varchar(1024)', '', '', 'select', ''),
('def', 'information_schema', 'STATISTICS', 'TABLE_CATALOG', 1, '', 'NO', 'varchar', 512, 1536, NULL, NULL, 'utf8', 'utf8_general_ci', 'varchar(512)', '', '', 'select', ''),
('def', 'information_schema', 'STATISTICS', 'TABLE_SCHEMA', 2, '', 'NO', 'varchar', 64, 192, NULL, NULL, 'utf8', 'utf8_general_ci', 'varchar(64)', '', '', 'select', ''),
('def', 'information_schema', 'STATISTICS', 'TABLE_NAME', 3, '', 'NO', 'varchar', 64, 192, NULL, NULL, 'utf8', 'utf8_general_ci', 'varchar(64)', '', '', 'select', ''),
('def', 'information_schema', 'STATISTICS', 'NON_UNIQUE', 4, '0', 'NO', 'bigint', NULL, NULL, 19, 0, NULL, NULL, 'bigint(1)', '', '', 'select', ''),
('def', 'information_schema', 'STATISTICS', 'INDEX_SCHEMA', 5, '', 'NO', 'varchar', 64, 192, NULL, NULL, 'utf8', 'utf8_general_ci', 'varchar(64)', '', '', 'select', ''),
('def', 'information_schema', 'STATISTICS', 'INDEX_NAME', 6, '', 'NO', 'varchar', 64, 192, NULL, NULL, 'utf8', 'utf8_general_ci', 'varchar(64)', '', '', 'select', ''),
('def', 'information_schema', 'STATISTICS', 'SEQ_IN_INDEX', 7, '0', 'NO', 'bigint', NULL, NULL, 19, 0, NULL, NULL, 'bigint(2)', '', '', 'select', ''),
('def', 'information_schema', 'STATISTICS', 'COLUMN_NAME', 8, '', 'NO', 'varchar', 64, 192, NULL, NULL, 'utf8', 'utf8_general_ci', 'varchar(64)', '', '', 'select', ''),
('def', 'information_schema', 'STATISTICS', 'COLLATION', 9, NULL, 'YES', 'varchar', 1, 3, NULL, NULL, 'utf8', 'utf8_general_ci', 'varchar(1)', '', '', 'select', ''),
('def', 'information_schema', 'STATISTICS', 'CARDINALITY', 10, NULL, 'YES', 'bigint', NULL, NULL, 19, 0, NULL, NULL, 'bigint(21)', '', '', 'select', ''),
('def', 'information_schema', 'STATISTICS', 'SUB_PART', 11, NULL, 'YES', 'bigint', NULL, NULL, 19, 0, NULL, NULL, 'bigint(3)', '', '', 'select', ''),
('def', 'information_schema', 'STATISTICS', 'PACKED', 12, NULL, 'YES', 'varchar', 10, 30, NULL, NULL, 'utf8', 'utf8_general_ci', 'varchar(10)', '', '', 'select', ''),
('def', 'information_schema', 'STATISTICS', 'NULLABLE', 13, '', 'NO', 'varchar', 3, 9, NULL, NULL, 'utf8', 'utf8_general_ci', 'varchar(3)', '', '', 'select', ''),
('def', 'information_schema', 'STATISTICS', 'INDEX_TYPE', 14, '', 'NO', 'varchar', 16, 48, NULL, NULL, 'utf8', 'utf8_general_ci', 'varchar(16)', '', '', 'select', ''),
('def', 'information_schema', 'STATISTICS', 'COMMENT', 15, NULL, 'YES', 'varchar', 16, 48, NULL, NULL, 'utf8', 'utf8_general_ci', 'varchar(16)', '', '', 'select', ''),
('def', 'information_schema', 'STATISTICS', 'INDEX_COMMENT', 16, '', 'NO', 'varchar', 1024, 3072, NULL, NULL, 'utf8', 'utf8_general_ci', 'varchar(1024)', '', '', 'select', ''),
('def', 'information_schema', 'TABLES', 'TABLE_CATALOG', 1, '', 'NO', 'varchar', 512, 1536, NULL, NULL, 'utf8', 'utf8_general_ci', 'varchar(512)', '', '', 'select', ''),
('def', 'information_schema', 'TABLES', 'TABLE_SCHEMA', 2, '', 'NO', 'varchar', 64, 192, NULL, NULL, 'utf8', 'utf8_general_ci', 'varchar(64)', '', '', 'select', ''),
('def', 'information_schema', 'TABLES', 'TABLE_NAME', 3, '', 'NO', 'varchar', 64, 192, NULL, NULL, 'utf8', 'utf8_general_ci', 'varchar(64)', '', '', 'select', ''),
('def', 'information_schema', 'TABLES', 'TABLE_TYPE', 4, '', 'NO', 'varchar', 64, 192, NULL, NULL, 'utf8', 'utf8_general_ci', 'varchar(64)', '', '', 'select', ''),
('def', 'information_schema', 'TABLES', 'ENGINE', 5, NULL, 'YES', 'varchar', 64, 192, NULL, NULL, 'utf8', 'utf8_general_ci', 'varchar(64)', '', '', 'select', ''),
('def', 'information_schema', 'TABLES', 'VERSION', 6, NULL, 'YES', 'bigint', NULL, NULL, 20, 0, NULL, NULL, 'bigint(21) unsigned', '', '', 'select', ''),
('def', 'information_schema', 'TABLES', 'ROW_FORMAT', 7, NULL, 'YES', 'varchar', 10, 30, NULL, NULL, 'utf8', 'utf8_general_ci', 'varchar(10)', '', '', 'select', ''),
('def', 'information_schema', 'TABLES', 'TABLE_ROWS', 8, NULL, 'YES', 'bigint', NULL, NULL, 20, 0, NULL, NULL, 'bigint(21) unsigned', '', '', 'select', ''),
('def', 'information_schema', 'TABLES', 'AVG_ROW_LENGTH', 9, NULL, 'YES', 'bigint', NULL, NULL, 20, 0, NULL, NULL, 'bigint(21) unsigned', '', '', 'select', ''),
('def', 'information_schema', 'TABLES', 'DATA_LENGTH', 10, NULL, 'YES', 'bigint', NULL, NULL, 20, 0, NULL, NULL, 'bigint(21) unsigned', '', '', 'select', ''),
('def', 'information_schema', 'TABLES', 'MAX_DATA_LENGTH', 11, NULL, 'YES', 'bigint', NULL, NULL, 20, 0, NULL, NULL, 'bigint(21) unsigned', '', '', 'select', ''),
('def', 'information_schema', 'TABLES', 'INDEX_LENGTH', 12, NULL, 'YES', 'bigint', NULL, NULL, 20, 0, NULL, NULL, 'bigint(21) unsigned', '', '', 'select', ''),
('def', 'information_schema', 'TABLES', 'DATA_FREE', 13, NULL, 'YES', 'bigint', NULL, NULL, 20, 0, NULL, NULL, 'bigint(21) unsigned', '', '', 'select', ''),
('def', 'information_schema', 'TABLES', 'AUTO_INCREMENT', 14, NULL, 'YES', 'bigint', NULL, NULL, 20, 0, NULL, NULL, 'bigint(21) unsigned', '', '', 'select', ''),
('def', 'information_schema', 'TABLES', 'CREATE_TIME', 15, NULL, 'YES', 'datetime', NULL, NULL, NULL, NULL, NULL, NULL, 'datetime', '', '', 'select', ''),
('def', 'information_schema', 'TABLES', 'UPDATE_TIME', 16, NULL, 'YES', 'datetime', NULL, NULL, NULL, NULL, NULL, NULL, 'datetime', '', '', 'select', ''),
('def', 'information_schema', 'TABLES', 'CHECK_TIME', 17, NULL, 'YES', 'datetime', NULL, NULL, NULL, NULL, NULL, NULL, 'datetime', '', '', 'select', ''),
('def', 'information_schema', 'TABLES', 'TABLE_COLLATION', 18, NULL, 'YES', 'varchar', 32, 96, NULL, NULL, 'utf8', 'utf8_general_ci', 'varchar(32)', '', '', 'select', ''),
('def', 'information_schema', 'TABLES', 'CHECKSUM', 19, NULL, 'YES', 'bigint', NULL, NULL, 20, 0, NULL, NULL, 'bigint(21) unsigned', '', '', 'select', ''),
('def', 'information_schema', 'TABLES', 'CREATE_OPTIONS', 20, NULL, 'YES', 'varchar', 255, 765, NULL, NULL, 'utf8', 'utf8_general_ci', 'varchar(255)', '', '', 'select', ''),
('def', 'information_schema', 'TABLES', 'TABLE_COMMENT', 21, '', 'NO', 'varchar', 2048, 6144, NULL, NULL, 'utf8', 'utf8_general_ci', 'varchar(2048)', '', '', 'select', ''),
('def', 'information_schema', 'TABLESPACES', 'TABLESPACE_NAME', 1, '', 'NO', 'varchar', 64, 192, NULL, NULL, 'utf8', 'utf8_general_ci', 'varchar(64)', '', '', 'select', ''),
('def', 'information_schema', 'TABLESPACES', 'ENGINE', 2, '', 'NO', 'varchar', 64, 192, NULL, NULL, 'utf8', 'utf8_general_ci', 'varchar(64)', '', '', 'select', ''),
('def', 'information_schema', 'TABLESPACES', 'TABLESPACE_TYPE', 3, NULL, 'YES', 'varchar', 64, 192, NULL, NULL, 'utf8', 'utf8_general_ci', 'varchar(64)', '', '', 'select', ''),
('def', 'information_schema', 'TABLESPACES', 'LOGFILE_GROUP_NAME', 4, NULL, 'YES', 'varchar', 64, 192, NULL, NULL, 'utf8', 'utf8_general_ci', 'varchar(64)', '', '', 'select', ''),
('def', 'information_schema', 'TABLESPACES', 'EXTENT_SIZE', 5, NULL, 'YES', 'bigint', NULL, NULL, 20, 0, NULL, NULL, 'bigint(21) unsigned', '', '', 'select', ''),
('def', 'information_schema', 'TABLESPACES', 'AUTOEXTEND_SIZE', 6, NULL, 'YES', 'bigint', NULL, NULL, 20, 0, NULL, NULL, 'bigint(21) unsigned', '', '', 'select', ''),
('def', 'information_schema', 'TABLESPACES', 'MAXIMUM_SIZE', 7, NULL, 'YES', 'bigint', NULL, NULL, 20, 0, NULL, NULL, 'bigint(21) unsigned', '', '', 'select', ''),
('def', 'information_schema', 'TABLESPACES', 'NODEGROUP_ID', 8, NULL, 'YES', 'bigint', NULL, NULL, 20, 0, NULL, NULL, 'bigint(21) unsigned', '', '', 'select', '');
INSERT INTO `COLUMNS` (`TABLE_CATALOG`, `TABLE_SCHEMA`, `TABLE_NAME`, `COLUMN_NAME`, `ORDINAL_POSITION`, `COLUMN_DEFAULT`, `IS_NULLABLE`, `DATA_TYPE`, `CHARACTER_MAXIMUM_LENGTH`, `CHARACTER_OCTET_LENGTH`, `NUMERIC_PRECISION`, `NUMERIC_SCALE`, `CHARACTER_SET_NAME`, `COLLATION_NAME`, `COLUMN_TYPE`, `COLUMN_KEY`, `EXTRA`, `PRIVILEGES`, `COLUMN_COMMENT`) VALUES
('def', 'information_schema', 'TABLESPACES', 'TABLESPACE_COMMENT', 9, NULL, 'YES', 'varchar', 2048, 6144, NULL, NULL, 'utf8', 'utf8_general_ci', 'varchar(2048)', '', '', 'select', ''),
('def', 'information_schema', 'TABLE_CONSTRAINTS', 'CONSTRAINT_CATALOG', 1, '', 'NO', 'varchar', 512, 1536, NULL, NULL, 'utf8', 'utf8_general_ci', 'varchar(512)', '', '', 'select', ''),
('def', 'information_schema', 'TABLE_CONSTRAINTS', 'CONSTRAINT_SCHEMA', 2, '', 'NO', 'varchar', 64, 192, NULL, NULL, 'utf8', 'utf8_general_ci', 'varchar(64)', '', '', 'select', ''),
('def', 'information_schema', 'TABLE_CONSTRAINTS', 'CONSTRAINT_NAME', 3, '', 'NO', 'varchar', 64, 192, NULL, NULL, 'utf8', 'utf8_general_ci', 'varchar(64)', '', '', 'select', ''),
('def', 'information_schema', 'TABLE_CONSTRAINTS', 'TABLE_SCHEMA', 4, '', 'NO', 'varchar', 64, 192, NULL, NULL, 'utf8', 'utf8_general_ci', 'varchar(64)', '', '', 'select', ''),
('def', 'information_schema', 'TABLE_CONSTRAINTS', 'TABLE_NAME', 5, '', 'NO', 'varchar', 64, 192, NULL, NULL, 'utf8', 'utf8_general_ci', 'varchar(64)', '', '', 'select', ''),
('def', 'information_schema', 'TABLE_CONSTRAINTS', 'CONSTRAINT_TYPE', 6, '', 'NO', 'varchar', 64, 192, NULL, NULL, 'utf8', 'utf8_general_ci', 'varchar(64)', '', '', 'select', ''),
('def', 'information_schema', 'TABLE_PRIVILEGES', 'GRANTEE', 1, '', 'NO', 'varchar', 81, 243, NULL, NULL, 'utf8', 'utf8_general_ci', 'varchar(81)', '', '', 'select', ''),
('def', 'information_schema', 'TABLE_PRIVILEGES', 'TABLE_CATALOG', 2, '', 'NO', 'varchar', 512, 1536, NULL, NULL, 'utf8', 'utf8_general_ci', 'varchar(512)', '', '', 'select', ''),
('def', 'information_schema', 'TABLE_PRIVILEGES', 'TABLE_SCHEMA', 3, '', 'NO', 'varchar', 64, 192, NULL, NULL, 'utf8', 'utf8_general_ci', 'varchar(64)', '', '', 'select', ''),
('def', 'information_schema', 'TABLE_PRIVILEGES', 'TABLE_NAME', 4, '', 'NO', 'varchar', 64, 192, NULL, NULL, 'utf8', 'utf8_general_ci', 'varchar(64)', '', '', 'select', ''),
('def', 'information_schema', 'TABLE_PRIVILEGES', 'PRIVILEGE_TYPE', 5, '', 'NO', 'varchar', 64, 192, NULL, NULL, 'utf8', 'utf8_general_ci', 'varchar(64)', '', '', 'select', ''),
('def', 'information_schema', 'TABLE_PRIVILEGES', 'IS_GRANTABLE', 6, '', 'NO', 'varchar', 3, 9, NULL, NULL, 'utf8', 'utf8_general_ci', 'varchar(3)', '', '', 'select', ''),
('def', 'information_schema', 'TRIGGERS', 'TRIGGER_CATALOG', 1, '', 'NO', 'varchar', 512, 1536, NULL, NULL, 'utf8', 'utf8_general_ci', 'varchar(512)', '', '', 'select', ''),
('def', 'information_schema', 'TRIGGERS', 'TRIGGER_SCHEMA', 2, '', 'NO', 'varchar', 64, 192, NULL, NULL, 'utf8', 'utf8_general_ci', 'varchar(64)', '', '', 'select', ''),
('def', 'information_schema', 'TRIGGERS', 'TRIGGER_NAME', 3, '', 'NO', 'varchar', 64, 192, NULL, NULL, 'utf8', 'utf8_general_ci', 'varchar(64)', '', '', 'select', ''),
('def', 'information_schema', 'TRIGGERS', 'EVENT_MANIPULATION', 4, '', 'NO', 'varchar', 6, 18, NULL, NULL, 'utf8', 'utf8_general_ci', 'varchar(6)', '', '', 'select', ''),
('def', 'information_schema', 'TRIGGERS', 'EVENT_OBJECT_CATALOG', 5, '', 'NO', 'varchar', 512, 1536, NULL, NULL, 'utf8', 'utf8_general_ci', 'varchar(512)', '', '', 'select', ''),
('def', 'information_schema', 'TRIGGERS', 'EVENT_OBJECT_SCHEMA', 6, '', 'NO', 'varchar', 64, 192, NULL, NULL, 'utf8', 'utf8_general_ci', 'varchar(64)', '', '', 'select', ''),
('def', 'information_schema', 'TRIGGERS', 'EVENT_OBJECT_TABLE', 7, '', 'NO', 'varchar', 64, 192, NULL, NULL, 'utf8', 'utf8_general_ci', 'varchar(64)', '', '', 'select', ''),
('def', 'information_schema', 'TRIGGERS', 'ACTION_ORDER', 8, '0', 'NO', 'bigint', NULL, NULL, 19, 0, NULL, NULL, 'bigint(4)', '', '', 'select', ''),
('def', 'information_schema', 'TRIGGERS', 'ACTION_CONDITION', 9, NULL, 'YES', 'longtext', 4294967295, 4294967295, NULL, NULL, 'utf8', 'utf8_general_ci', 'longtext', '', '', 'select', ''),
('def', 'information_schema', 'TRIGGERS', 'ACTION_STATEMENT', 10, NULL, 'NO', 'longtext', 4294967295, 4294967295, NULL, NULL, 'utf8', 'utf8_general_ci', 'longtext', '', '', 'select', ''),
('def', 'information_schema', 'TRIGGERS', 'ACTION_ORIENTATION', 11, '', 'NO', 'varchar', 9, 27, NULL, NULL, 'utf8', 'utf8_general_ci', 'varchar(9)', '', '', 'select', ''),
('def', 'information_schema', 'TRIGGERS', 'ACTION_TIMING', 12, '', 'NO', 'varchar', 6, 18, NULL, NULL, 'utf8', 'utf8_general_ci', 'varchar(6)', '', '', 'select', ''),
('def', 'information_schema', 'TRIGGERS', 'ACTION_REFERENCE_OLD_TABLE', 13, NULL, 'YES', 'varchar', 64, 192, NULL, NULL, 'utf8', 'utf8_general_ci', 'varchar(64)', '', '', 'select', ''),
('def', 'information_schema', 'TRIGGERS', 'ACTION_REFERENCE_NEW_TABLE', 14, NULL, 'YES', 'varchar', 64, 192, NULL, NULL, 'utf8', 'utf8_general_ci', 'varchar(64)', '', '', 'select', ''),
('def', 'information_schema', 'TRIGGERS', 'ACTION_REFERENCE_OLD_ROW', 15, '', 'NO', 'varchar', 3, 9, NULL, NULL, 'utf8', 'utf8_general_ci', 'varchar(3)', '', '', 'select', ''),
('def', 'information_schema', 'TRIGGERS', 'ACTION_REFERENCE_NEW_ROW', 16, '', 'NO', 'varchar', 3, 9, NULL, NULL, 'utf8', 'utf8_general_ci', 'varchar(3)', '', '', 'select', ''),
('def', 'information_schema', 'TRIGGERS', 'CREATED', 17, NULL, 'YES', 'datetime', NULL, NULL, NULL, NULL, NULL, NULL, 'datetime', '', '', 'select', ''),
('def', 'information_schema', 'TRIGGERS', 'SQL_MODE', 18, '', 'NO', 'varchar', 8192, 24576, NULL, NULL, 'utf8', 'utf8_general_ci', 'varchar(8192)', '', '', 'select', ''),
('def', 'information_schema', 'TRIGGERS', 'DEFINER', 19, '', 'NO', 'varchar', 77, 231, NULL, NULL, 'utf8', 'utf8_general_ci', 'varchar(77)', '', '', 'select', ''),
('def', 'information_schema', 'TRIGGERS', 'CHARACTER_SET_CLIENT', 20, '', 'NO', 'varchar', 32, 96, NULL, NULL, 'utf8', 'utf8_general_ci', 'varchar(32)', '', '', 'select', ''),
('def', 'information_schema', 'TRIGGERS', 'COLLATION_CONNECTION', 21, '', 'NO', 'varchar', 32, 96, NULL, NULL, 'utf8', 'utf8_general_ci', 'varchar(32)', '', '', 'select', ''),
('def', 'information_schema', 'TRIGGERS', 'DATABASE_COLLATION', 22, '', 'NO', 'varchar', 32, 96, NULL, NULL, 'utf8', 'utf8_general_ci', 'varchar(32)', '', '', 'select', ''),
('def', 'information_schema', 'USER_PRIVILEGES', 'GRANTEE', 1, '', 'NO', 'varchar', 81, 243, NULL, NULL, 'utf8', 'utf8_general_ci', 'varchar(81)', '', '', 'select', ''),
('def', 'information_schema', 'USER_PRIVILEGES', 'TABLE_CATALOG', 2, '', 'NO', 'varchar', 512, 1536, NULL, NULL, 'utf8', 'utf8_general_ci', 'varchar(512)', '', '', 'select', ''),
('def', 'information_schema', 'USER_PRIVILEGES', 'PRIVILEGE_TYPE', 3, '', 'NO', 'varchar', 64, 192, NULL, NULL, 'utf8', 'utf8_general_ci', 'varchar(64)', '', '', 'select', ''),
('def', 'information_schema', 'USER_PRIVILEGES', 'IS_GRANTABLE', 4, '', 'NO', 'varchar', 3, 9, NULL, NULL, 'utf8', 'utf8_general_ci', 'varchar(3)', '', '', 'select', ''),
('def', 'information_schema', 'VIEWS', 'TABLE_CATALOG', 1, '', 'NO', 'varchar', 512, 1536, NULL, NULL, 'utf8', 'utf8_general_ci', 'varchar(512)', '', '', 'select', ''),
('def', 'information_schema', 'VIEWS', 'TABLE_SCHEMA', 2, '', 'NO', 'varchar', 64, 192, NULL, NULL, 'utf8', 'utf8_general_ci', 'varchar(64)', '', '', 'select', ''),
('def', 'information_schema', 'VIEWS', 'TABLE_NAME', 3, '', 'NO', 'varchar', 64, 192, NULL, NULL, 'utf8', 'utf8_general_ci', 'varchar(64)', '', '', 'select', ''),
('def', 'information_schema', 'VIEWS', 'VIEW_DEFINITION', 4, NULL, 'NO', 'longtext', 4294967295, 4294967295, NULL, NULL, 'utf8', 'utf8_general_ci', 'longtext', '', '', 'select', ''),
('def', 'information_schema', 'VIEWS', 'CHECK_OPTION', 5, '', 'NO', 'varchar', 8, 24, NULL, NULL, 'utf8', 'utf8_general_ci', 'varchar(8)', '', '', 'select', ''),
('def', 'information_schema', 'VIEWS', 'IS_UPDATABLE', 6, '', 'NO', 'varchar', 3, 9, NULL, NULL, 'utf8', 'utf8_general_ci', 'varchar(3)', '', '', 'select', ''),
('def', 'information_schema', 'VIEWS', 'DEFINER', 7, '', 'NO', 'varchar', 77, 231, NULL, NULL, 'utf8', 'utf8_general_ci', 'varchar(77)', '', '', 'select', ''),
('def', 'information_schema', 'VIEWS', 'SECURITY_TYPE', 8, '', 'NO', 'varchar', 7, 21, NULL, NULL, 'utf8', 'utf8_general_ci', 'varchar(7)', '', '', 'select', ''),
('def', 'information_schema', 'VIEWS', 'CHARACTER_SET_CLIENT', 9, '', 'NO', 'varchar', 32, 96, NULL, NULL, 'utf8', 'utf8_general_ci', 'varchar(32)', '', '', 'select', ''),
('def', 'information_schema', 'VIEWS', 'COLLATION_CONNECTION', 10, '', 'NO', 'varchar', 32, 96, NULL, NULL, 'utf8', 'utf8_general_ci', 'varchar(32)', '', '', 'select', ''),
('def', 'information_schema', 'INNODB_BUFFER_PAGE', 'POOL_ID', 1, '0', 'NO', 'bigint', NULL, NULL, 20, 0, NULL, NULL, 'bigint(21) unsigned', '', '', 'select', ''),
('def', 'information_schema', 'INNODB_BUFFER_PAGE', 'BLOCK_ID', 2, '0', 'NO', 'bigint', NULL, NULL, 20, 0, NULL, NULL, 'bigint(21) unsigned', '', '', 'select', ''),
('def', 'information_schema', 'INNODB_BUFFER_PAGE', 'SPACE', 3, '0', 'NO', 'bigint', NULL, NULL, 20, 0, NULL, NULL, 'bigint(21) unsigned', '', '', 'select', ''),
('def', 'information_schema', 'INNODB_BUFFER_PAGE', 'PAGE_NUMBER', 4, '0', 'NO', 'bigint', NULL, NULL, 20, 0, NULL, NULL, 'bigint(21) unsigned', '', '', 'select', ''),
('def', 'information_schema', 'INNODB_BUFFER_PAGE', 'PAGE_TYPE', 5, NULL, 'YES', 'varchar', 64, 192, NULL, NULL, 'utf8', 'utf8_general_ci', 'varchar(64)', '', '', 'select', ''),
('def', 'information_schema', 'INNODB_BUFFER_PAGE', 'FLUSH_TYPE', 6, '0', 'NO', 'bigint', NULL, NULL, 20, 0, NULL, NULL, 'bigint(21) unsigned', '', '', 'select', ''),
('def', 'information_schema', 'INNODB_BUFFER_PAGE', 'FIX_COUNT', 7, '0', 'NO', 'bigint', NULL, NULL, 20, 0, NULL, NULL, 'bigint(21) unsigned', '', '', 'select', ''),
('def', 'information_schema', 'INNODB_BUFFER_PAGE', 'IS_HASHED', 8, NULL, 'YES', 'varchar', 3, 9, NULL, NULL, 'utf8', 'utf8_general_ci', 'varchar(3)', '', '', 'select', ''),
('def', 'information_schema', 'INNODB_BUFFER_PAGE', 'NEWEST_MODIFICATION', 9, '0', 'NO', 'bigint', NULL, NULL, 20, 0, NULL, NULL, 'bigint(21) unsigned', '', '', 'select', ''),
('def', 'information_schema', 'INNODB_BUFFER_PAGE', 'OLDEST_MODIFICATION', 10, '0', 'NO', 'bigint', NULL, NULL, 20, 0, NULL, NULL, 'bigint(21) unsigned', '', '', 'select', ''),
('def', 'information_schema', 'INNODB_BUFFER_PAGE', 'ACCESS_TIME', 11, '0', 'NO', 'bigint', NULL, NULL, 20, 0, NULL, NULL, 'bigint(21) unsigned', '', '', 'select', ''),
('def', 'information_schema', 'INNODB_BUFFER_PAGE', 'TABLE_NAME', 12, NULL, 'YES', 'varchar', 1024, 3072, NULL, NULL, 'utf8', 'utf8_general_ci', 'varchar(1024)', '', '', 'select', ''),
('def', 'information_schema', 'INNODB_BUFFER_PAGE', 'INDEX_NAME', 13, NULL, 'YES', 'varchar', 1024, 3072, NULL, NULL, 'utf8', 'utf8_general_ci', 'varchar(1024)', '', '', 'select', ''),
('def', 'information_schema', 'INNODB_BUFFER_PAGE', 'NUMBER_RECORDS', 14, '0', 'NO', 'bigint', NULL, NULL, 20, 0, NULL, NULL, 'bigint(21) unsigned', '', '', 'select', ''),
('def', 'information_schema', 'INNODB_BUFFER_PAGE', 'DATA_SIZE', 15, '0', 'NO', 'bigint', NULL, NULL, 20, 0, NULL, NULL, 'bigint(21) unsigned', '', '', 'select', ''),
('def', 'information_schema', 'INNODB_BUFFER_PAGE', 'COMPRESSED_SIZE', 16, '0', 'NO', 'bigint', NULL, NULL, 20, 0, NULL, NULL, 'bigint(21) unsigned', '', '', 'select', ''),
('def', 'information_schema', 'INNODB_BUFFER_PAGE', 'PAGE_STATE', 17, NULL, 'YES', 'varchar', 64, 192, NULL, NULL, 'utf8', 'utf8_general_ci', 'varchar(64)', '', '', 'select', ''),
('def', 'information_schema', 'INNODB_BUFFER_PAGE', 'IO_FIX', 18, NULL, 'YES', 'varchar', 64, 192, NULL, NULL, 'utf8', 'utf8_general_ci', 'varchar(64)', '', '', 'select', ''),
('def', 'information_schema', 'INNODB_BUFFER_PAGE', 'IS_OLD', 19, NULL, 'YES', 'varchar', 3, 9, NULL, NULL, 'utf8', 'utf8_general_ci', 'varchar(3)', '', '', 'select', ''),
('def', 'information_schema', 'INNODB_BUFFER_PAGE', 'FREE_PAGE_CLOCK', 20, '0', 'NO', 'bigint', NULL, NULL, 20, 0, NULL, NULL, 'bigint(21) unsigned', '', '', 'select', ''),
('def', 'information_schema', 'INNODB_TRX', 'trx_id', 1, '', 'NO', 'varchar', 18, 54, NULL, NULL, 'utf8', 'utf8_general_ci', 'varchar(18)', '', '', 'select', ''),
('def', 'information_schema', 'INNODB_TRX', 'trx_state', 2, '', 'NO', 'varchar', 13, 39, NULL, NULL, 'utf8', 'utf8_general_ci', 'varchar(13)', '', '', 'select', ''),
('def', 'information_schema', 'INNODB_TRX', 'trx_started', 3, '0000-00-00 00:00:00', 'NO', 'datetime', NULL, NULL, NULL, NULL, NULL, NULL, 'datetime', '', '', 'select', ''),
('def', 'information_schema', 'INNODB_TRX', 'trx_requested_lock_id', 4, NULL, 'YES', 'varchar', 81, 243, NULL, NULL, 'utf8', 'utf8_general_ci', 'varchar(81)', '', '', 'select', ''),
('def', 'information_schema', 'INNODB_TRX', 'trx_wait_started', 5, NULL, 'YES', 'datetime', NULL, NULL, NULL, NULL, NULL, NULL, 'datetime', '', '', 'select', ''),
('def', 'information_schema', 'INNODB_TRX', 'trx_weight', 6, '0', 'NO', 'bigint', NULL, NULL, 20, 0, NULL, NULL, 'bigint(21) unsigned', '', '', 'select', ''),
('def', 'information_schema', 'INNODB_TRX', 'trx_mysql_thread_id', 7, '0', 'NO', 'bigint', NULL, NULL, 20, 0, NULL, NULL, 'bigint(21) unsigned', '', '', 'select', ''),
('def', 'information_schema', 'INNODB_TRX', 'trx_query', 8, NULL, 'YES', 'varchar', 1024, 3072, NULL, NULL, 'utf8', 'utf8_general_ci', 'varchar(1024)', '', '', 'select', ''),
('def', 'information_schema', 'INNODB_TRX', 'trx_operation_state', 9, NULL, 'YES', 'varchar', 64, 192, NULL, NULL, 'utf8', 'utf8_general_ci', 'varchar(64)', '', '', 'select', ''),
('def', 'information_schema', 'INNODB_TRX', 'trx_tables_in_use', 10, '0', 'NO', 'bigint', NULL, NULL, 20, 0, NULL, NULL, 'bigint(21) unsigned', '', '', 'select', ''),
('def', 'information_schema', 'INNODB_TRX', 'trx_tables_locked', 11, '0', 'NO', 'bigint', NULL, NULL, 20, 0, NULL, NULL, 'bigint(21) unsigned', '', '', 'select', ''),
('def', 'information_schema', 'INNODB_TRX', 'trx_lock_structs', 12, '0', 'NO', 'bigint', NULL, NULL, 20, 0, NULL, NULL, 'bigint(21) unsigned', '', '', 'select', ''),
('def', 'information_schema', 'INNODB_TRX', 'trx_lock_memory_bytes', 13, '0', 'NO', 'bigint', NULL, NULL, 20, 0, NULL, NULL, 'bigint(21) unsigned', '', '', 'select', ''),
('def', 'information_schema', 'INNODB_TRX', 'trx_rows_locked', 14, '0', 'NO', 'bigint', NULL, NULL, 20, 0, NULL, NULL, 'bigint(21) unsigned', '', '', 'select', ''),
('def', 'information_schema', 'INNODB_TRX', 'trx_rows_modified', 15, '0', 'NO', 'bigint', NULL, NULL, 20, 0, NULL, NULL, 'bigint(21) unsigned', '', '', 'select', ''),
('def', 'information_schema', 'INNODB_TRX', 'trx_concurrency_tickets', 16, '0', 'NO', 'bigint', NULL, NULL, 20, 0, NULL, NULL, 'bigint(21) unsigned', '', '', 'select', ''),
('def', 'information_schema', 'INNODB_TRX', 'trx_isolation_level', 17, '', 'NO', 'varchar', 16, 48, NULL, NULL, 'utf8', 'utf8_general_ci', 'varchar(16)', '', '', 'select', ''),
('def', 'information_schema', 'INNODB_TRX', 'trx_unique_checks', 18, '0', 'NO', 'int', NULL, NULL, 10, 0, NULL, NULL, 'int(1)', '', '', 'select', ''),
('def', 'information_schema', 'INNODB_TRX', 'trx_foreign_key_checks', 19, '0', 'NO', 'int', NULL, NULL, 10, 0, NULL, NULL, 'int(1)', '', '', 'select', ''),
('def', 'information_schema', 'INNODB_TRX', 'trx_last_foreign_key_error', 20, NULL, 'YES', 'varchar', 256, 768, NULL, NULL, 'utf8', 'utf8_general_ci', 'varchar(256)', '', '', 'select', ''),
('def', 'information_schema', 'INNODB_TRX', 'trx_adaptive_hash_latched', 21, '0', 'NO', 'int', NULL, NULL, 10, 0, NULL, NULL, 'int(1)', '', '', 'select', ''),
('def', 'information_schema', 'INNODB_TRX', 'trx_adaptive_hash_timeout', 22, '0', 'NO', 'bigint', NULL, NULL, 20, 0, NULL, NULL, 'bigint(21) unsigned', '', '', 'select', ''),
('def', 'information_schema', 'INNODB_BUFFER_POOL_STATS', 'POOL_ID', 1, '0', 'NO', 'bigint', NULL, NULL, 20, 0, NULL, NULL, 'bigint(21) unsigned', '', '', 'select', ''),
('def', 'information_schema', 'INNODB_BUFFER_POOL_STATS', 'POOL_SIZE', 2, '0', 'NO', 'bigint', NULL, NULL, 20, 0, NULL, NULL, 'bigint(21) unsigned', '', '', 'select', ''),
('def', 'information_schema', 'INNODB_BUFFER_POOL_STATS', 'FREE_BUFFERS', 3, '0', 'NO', 'bigint', NULL, NULL, 20, 0, NULL, NULL, 'bigint(21) unsigned', '', '', 'select', ''),
('def', 'information_schema', 'INNODB_BUFFER_POOL_STATS', 'DATABASE_PAGES', 4, '0', 'NO', 'bigint', NULL, NULL, 20, 0, NULL, NULL, 'bigint(21) unsigned', '', '', 'select', ''),
('def', 'information_schema', 'INNODB_BUFFER_POOL_STATS', 'OLD_DATABASE_PAGES', 5, '0', 'NO', 'bigint', NULL, NULL, 20, 0, NULL, NULL, 'bigint(21) unsigned', '', '', 'select', ''),
('def', 'information_schema', 'INNODB_BUFFER_POOL_STATS', 'MODIFIED_DATABASE_PAGES', 6, '0', 'NO', 'bigint', NULL, NULL, 20, 0, NULL, NULL, 'bigint(21) unsigned', '', '', 'select', ''),
('def', 'information_schema', 'INNODB_BUFFER_POOL_STATS', 'PENDING_DECOMPRESS', 7, '0', 'NO', 'bigint', NULL, NULL, 20, 0, NULL, NULL, 'bigint(21) unsigned', '', '', 'select', ''),
('def', 'information_schema', 'INNODB_BUFFER_POOL_STATS', 'PENDING_READS', 8, '0', 'NO', 'bigint', NULL, NULL, 20, 0, NULL, NULL, 'bigint(21) unsigned', '', '', 'select', ''),
('def', 'information_schema', 'INNODB_BUFFER_POOL_STATS', 'PENDING_FLUSH_LRU', 9, '0', 'NO', 'bigint', NULL, NULL, 20, 0, NULL, NULL, 'bigint(21) unsigned', '', '', 'select', ''),
('def', 'information_schema', 'INNODB_BUFFER_POOL_STATS', 'PENDING_FLUSH_LIST', 10, '0', 'NO', 'bigint', NULL, NULL, 20, 0, NULL, NULL, 'bigint(21) unsigned', '', '', 'select', ''),
('def', 'information_schema', 'INNODB_BUFFER_POOL_STATS', 'PAGES_MADE_YOUNG', 11, '0', 'NO', 'bigint', NULL, NULL, 20, 0, NULL, NULL, 'bigint(21) unsigned', '', '', 'select', ''),
('def', 'information_schema', 'INNODB_BUFFER_POOL_STATS', 'PAGES_NOT_MADE_YOUNG', 12, '0', 'NO', 'bigint', NULL, NULL, 20, 0, NULL, NULL, 'bigint(21) unsigned', '', '', 'select', ''),
('def', 'information_schema', 'INNODB_BUFFER_POOL_STATS', 'PAGES_MADE_YOUNG_RATE', 13, '0', 'NO', 'double', NULL, NULL, 12, NULL, NULL, NULL, 'double', '', '', 'select', ''),
('def', 'information_schema', 'INNODB_BUFFER_POOL_STATS', 'PAGES_MADE_NOT_YOUNG_RATE', 14, '0', 'NO', 'double', NULL, NULL, 12, NULL, NULL, NULL, 'double', '', '', 'select', ''),
('def', 'information_schema', 'INNODB_BUFFER_POOL_STATS', 'NUMBER_PAGES_READ', 15, '0', 'NO', 'bigint', NULL, NULL, 20, 0, NULL, NULL, 'bigint(21) unsigned', '', '', 'select', ''),
('def', 'information_schema', 'INNODB_BUFFER_POOL_STATS', 'NUMBER_PAGES_CREATED', 16, '0', 'NO', 'bigint', NULL, NULL, 20, 0, NULL, NULL, 'bigint(21) unsigned', '', '', 'select', ''),
('def', 'information_schema', 'INNODB_BUFFER_POOL_STATS', 'NUMBER_PAGES_WRITTEN', 17, '0', 'NO', 'bigint', NULL, NULL, 20, 0, NULL, NULL, 'bigint(21) unsigned', '', '', 'select', ''),
('def', 'information_schema', 'INNODB_BUFFER_POOL_STATS', 'PAGES_READ_RATE', 18, '0', 'NO', 'double', NULL, NULL, 12, NULL, NULL, NULL, 'double', '', '', 'select', ''),
('def', 'information_schema', 'INNODB_BUFFER_POOL_STATS', 'PAGES_CREATE_RATE', 19, '0', 'NO', 'double', NULL, NULL, 12, NULL, NULL, NULL, 'double', '', '', 'select', ''),
('def', 'information_schema', 'INNODB_BUFFER_POOL_STATS', 'PAGES_WRITTEN_RATE', 20, '0', 'NO', 'double', NULL, NULL, 12, NULL, NULL, NULL, 'double', '', '', 'select', ''),
('def', 'information_schema', 'INNODB_BUFFER_POOL_STATS', 'NUMBER_PAGES_GET', 21, '0', 'NO', 'bigint', NULL, NULL, 20, 0, NULL, NULL, 'bigint(21) unsigned', '', '', 'select', ''),
('def', 'information_schema', 'INNODB_BUFFER_POOL_STATS', 'HIT_RATE', 22, '0', 'NO', 'bigint', NULL, NULL, 20, 0, NULL, NULL, 'bigint(21) unsigned', '', '', 'select', ''),
('def', 'information_schema', 'INNODB_BUFFER_POOL_STATS', 'YOUNG_MAKE_PER_THOUSAND_GETS', 23, '0', 'NO', 'bigint', NULL, NULL, 20, 0, NULL, NULL, 'bigint(21) unsigned', '', '', 'select', ''),
('def', 'information_schema', 'INNODB_BUFFER_POOL_STATS', 'NOT_YOUNG_MAKE_PER_THOUSAND_GETS', 24, '0', 'NO', 'bigint', NULL, NULL, 20, 0, NULL, NULL, 'bigint(21) unsigned', '', '', 'select', ''),
('def', 'information_schema', 'INNODB_BUFFER_POOL_STATS', 'NUMBER_PAGES_READ_AHEAD', 25, '0', 'NO', 'bigint', NULL, NULL, 20, 0, NULL, NULL, 'bigint(21) unsigned', '', '', 'select', ''),
('def', 'information_schema', 'INNODB_BUFFER_POOL_STATS', 'NUMBER_READ_AHEAD_EVICTED', 26, '0', 'NO', 'bigint', NULL, NULL, 20, 0, NULL, NULL, 'bigint(21) unsigned', '', '', 'select', ''),
('def', 'information_schema', 'INNODB_BUFFER_POOL_STATS', 'READ_AHEAD_RATE', 27, '0', 'NO', 'double', NULL, NULL, 12, NULL, NULL, NULL, 'double', '', '', 'select', ''),
('def', 'information_schema', 'INNODB_BUFFER_POOL_STATS', 'READ_AHEAD_EVICTED_RATE', 28, '0', 'NO', 'double', NULL, NULL, 12, NULL, NULL, NULL, 'double', '', '', 'select', ''),
('def', 'information_schema', 'INNODB_BUFFER_POOL_STATS', 'LRU_IO_TOTAL', 29, '0', 'NO', 'bigint', NULL, NULL, 20, 0, NULL, NULL, 'bigint(21) unsigned', '', '', 'select', ''),
('def', 'information_schema', 'INNODB_BUFFER_POOL_STATS', 'LRU_IO_CURRENT', 30, '0', 'NO', 'bigint', NULL, NULL, 20, 0, NULL, NULL, 'bigint(21) unsigned', '', '', 'select', ''),
('def', 'information_schema', 'INNODB_BUFFER_POOL_STATS', 'UNCOMPRESS_TOTAL', 31, '0', 'NO', 'bigint', NULL, NULL, 20, 0, NULL, NULL, 'bigint(21) unsigned', '', '', 'select', ''),
('def', 'information_schema', 'INNODB_BUFFER_POOL_STATS', 'UNCOMPRESS_CURRENT', 32, '0', 'NO', 'bigint', NULL, NULL, 20, 0, NULL, NULL, 'bigint(21) unsigned', '', '', 'select', ''),
('def', 'information_schema', 'INNODB_LOCK_WAITS', 'requesting_trx_id', 1, '', 'NO', 'varchar', 18, 54, NULL, NULL, 'utf8', 'utf8_general_ci', 'varchar(18)', '', '', 'select', ''),
('def', 'information_schema', 'INNODB_LOCK_WAITS', 'requested_lock_id', 2, '', 'NO', 'varchar', 81, 243, NULL, NULL, 'utf8', 'utf8_general_ci', 'varchar(81)', '', '', 'select', ''),
('def', 'information_schema', 'INNODB_LOCK_WAITS', 'blocking_trx_id', 3, '', 'NO', 'varchar', 18, 54, NULL, NULL, 'utf8', 'utf8_general_ci', 'varchar(18)', '', '', 'select', ''),
('def', 'information_schema', 'INNODB_LOCK_WAITS', 'blocking_lock_id', 4, '', 'NO', 'varchar', 81, 243, NULL, NULL, 'utf8', 'utf8_general_ci', 'varchar(81)', '', '', 'select', ''),
('def', 'information_schema', 'INNODB_CMPMEM', 'page_size', 1, '0', 'NO', 'int', NULL, NULL, 10, 0, NULL, NULL, 'int(5)', '', '', 'select', ''),
('def', 'information_schema', 'INNODB_CMPMEM', 'buffer_pool_instance', 2, '0', 'NO', 'int', NULL, NULL, 10, 0, NULL, NULL, 'int(11)', '', '', 'select', ''),
('def', 'information_schema', 'INNODB_CMPMEM', 'pages_used', 3, '0', 'NO', 'int', NULL, NULL, 10, 0, NULL, NULL, 'int(11)', '', '', 'select', ''),
('def', 'information_schema', 'INNODB_CMPMEM', 'pages_free', 4, '0', 'NO', 'int', NULL, NULL, 10, 0, NULL, NULL, 'int(11)', '', '', 'select', ''),
('def', 'information_schema', 'INNODB_CMPMEM', 'relocation_ops', 5, '0', 'NO', 'bigint', NULL, NULL, 19, 0, NULL, NULL, 'bigint(21)', '', '', 'select', ''),
('def', 'information_schema', 'INNODB_CMPMEM', 'relocation_time', 6, '0', 'NO', 'int', NULL, NULL, 10, 0, NULL, NULL, 'int(11)', '', '', 'select', ''),
('def', 'information_schema', 'INNODB_CMP', 'page_size', 1, '0', 'NO', 'int', NULL, NULL, 10, 0, NULL, NULL, 'int(5)', '', '', 'select', ''),
('def', 'information_schema', 'INNODB_CMP', 'compress_ops', 2, '0', 'NO', 'int', NULL, NULL, 10, 0, NULL, NULL, 'int(11)', '', '', 'select', ''),
('def', 'information_schema', 'INNODB_CMP', 'compress_ops_ok', 3, '0', 'NO', 'int', NULL, NULL, 10, 0, NULL, NULL, 'int(11)', '', '', 'select', ''),
('def', 'information_schema', 'INNODB_CMP', 'compress_time', 4, '0', 'NO', 'int', NULL, NULL, 10, 0, NULL, NULL, 'int(11)', '', '', 'select', ''),
('def', 'information_schema', 'INNODB_CMP', 'uncompress_ops', 5, '0', 'NO', 'int', NULL, NULL, 10, 0, NULL, NULL, 'int(11)', '', '', 'select', ''),
('def', 'information_schema', 'INNODB_CMP', 'uncompress_time', 6, '0', 'NO', 'int', NULL, NULL, 10, 0, NULL, NULL, 'int(11)', '', '', 'select', ''),
('def', 'information_schema', 'INNODB_LOCKS', 'lock_id', 1, '', 'NO', 'varchar', 81, 243, NULL, NULL, 'utf8', 'utf8_general_ci', 'varchar(81)', '', '', 'select', ''),
('def', 'information_schema', 'INNODB_LOCKS', 'lock_trx_id', 2, '', 'NO', 'varchar', 18, 54, NULL, NULL, 'utf8', 'utf8_general_ci', 'varchar(18)', '', '', 'select', ''),
('def', 'information_schema', 'INNODB_LOCKS', 'lock_mode', 3, '', 'NO', 'varchar', 32, 96, NULL, NULL, 'utf8', 'utf8_general_ci', 'varchar(32)', '', '', 'select', ''),
('def', 'information_schema', 'INNODB_LOCKS', 'lock_type', 4, '', 'NO', 'varchar', 32, 96, NULL, NULL, 'utf8', 'utf8_general_ci', 'varchar(32)', '', '', 'select', ''),
('def', 'information_schema', 'INNODB_LOCKS', 'lock_table', 5, '', 'NO', 'varchar', 1024, 3072, NULL, NULL, 'utf8', 'utf8_general_ci', 'varchar(1024)', '', '', 'select', ''),
('def', 'information_schema', 'INNODB_LOCKS', 'lock_index', 6, NULL, 'YES', 'varchar', 1024, 3072, NULL, NULL, 'utf8', 'utf8_general_ci', 'varchar(1024)', '', '', 'select', ''),
('def', 'information_schema', 'INNODB_LOCKS', 'lock_space', 7, NULL, 'YES', 'bigint', NULL, NULL, 20, 0, NULL, NULL, 'bigint(21) unsigned', '', '', 'select', ''),
('def', 'information_schema', 'INNODB_LOCKS', 'lock_page', 8, NULL, 'YES', 'bigint', NULL, NULL, 20, 0, NULL, NULL, 'bigint(21) unsigned', '', '', 'select', ''),
('def', 'information_schema', 'INNODB_LOCKS', 'lock_rec', 9, NULL, 'YES', 'bigint', NULL, NULL, 20, 0, NULL, NULL, 'bigint(21) unsigned', '', '', 'select', ''),
('def', 'information_schema', 'INNODB_LOCKS', 'lock_data', 10, NULL, 'YES', 'varchar', 8192, 24576, NULL, NULL, 'utf8', 'utf8_general_ci', 'varchar(8192)', '', '', 'select', ''),
('def', 'information_schema', 'INNODB_CMPMEM_RESET', 'page_size', 1, '0', 'NO', 'int', NULL, NULL, 10, 0, NULL, NULL, 'int(5)', '', '', 'select', ''),
('def', 'information_schema', 'INNODB_CMPMEM_RESET', 'buffer_pool_instance', 2, '0', 'NO', 'int', NULL, NULL, 10, 0, NULL, NULL, 'int(11)', '', '', 'select', ''),
('def', 'information_schema', 'INNODB_CMPMEM_RESET', 'pages_used', 3, '0', 'NO', 'int', NULL, NULL, 10, 0, NULL, NULL, 'int(11)', '', '', 'select', ''),
('def', 'information_schema', 'INNODB_CMPMEM_RESET', 'pages_free', 4, '0', 'NO', 'int', NULL, NULL, 10, 0, NULL, NULL, 'int(11)', '', '', 'select', ''),
('def', 'information_schema', 'INNODB_CMPMEM_RESET', 'relocation_ops', 5, '0', 'NO', 'bigint', NULL, NULL, 19, 0, NULL, NULL, 'bigint(21)', '', '', 'select', ''),
('def', 'information_schema', 'INNODB_CMPMEM_RESET', 'relocation_time', 6, '0', 'NO', 'int', NULL, NULL, 10, 0, NULL, NULL, 'int(11)', '', '', 'select', ''),
('def', 'information_schema', 'INNODB_CMP_RESET', 'page_size', 1, '0', 'NO', 'int', NULL, NULL, 10, 0, NULL, NULL, 'int(5)', '', '', 'select', ''),
('def', 'information_schema', 'INNODB_CMP_RESET', 'compress_ops', 2, '0', 'NO', 'int', NULL, NULL, 10, 0, NULL, NULL, 'int(11)', '', '', 'select', ''),
('def', 'information_schema', 'INNODB_CMP_RESET', 'compress_ops_ok', 3, '0', 'NO', 'int', NULL, NULL, 10, 0, NULL, NULL, 'int(11)', '', '', 'select', ''),
('def', 'information_schema', 'INNODB_CMP_RESET', 'compress_time', 4, '0', 'NO', 'int', NULL, NULL, 10, 0, NULL, NULL, 'int(11)', '', '', 'select', ''),
('def', 'information_schema', 'INNODB_CMP_RESET', 'uncompress_ops', 5, '0', 'NO', 'int', NULL, NULL, 10, 0, NULL, NULL, 'int(11)', '', '', 'select', ''),
('def', 'information_schema', 'INNODB_CMP_RESET', 'uncompress_time', 6, '0', 'NO', 'int', NULL, NULL, 10, 0, NULL, NULL, 'int(11)', '', '', 'select', ''),
('def', 'information_schema', 'INNODB_BUFFER_PAGE_LRU', 'POOL_ID', 1, '0', 'NO', 'bigint', NULL, NULL, 20, 0, NULL, NULL, 'bigint(21) unsigned', '', '', 'select', ''),
('def', 'information_schema', 'INNODB_BUFFER_PAGE_LRU', 'LRU_POSITION', 2, '0', 'NO', 'bigint', NULL, NULL, 20, 0, NULL, NULL, 'bigint(21) unsigned', '', '', 'select', ''),
('def', 'information_schema', 'INNODB_BUFFER_PAGE_LRU', 'SPACE', 3, '0', 'NO', 'bigint', NULL, NULL, 20, 0, NULL, NULL, 'bigint(21) unsigned', '', '', 'select', ''),
('def', 'information_schema', 'INNODB_BUFFER_PAGE_LRU', 'PAGE_NUMBER', 4, '0', 'NO', 'bigint', NULL, NULL, 20, 0, NULL, NULL, 'bigint(21) unsigned', '', '', 'select', ''),
('def', 'information_schema', 'INNODB_BUFFER_PAGE_LRU', 'PAGE_TYPE', 5, NULL, 'YES', 'varchar', 64, 192, NULL, NULL, 'utf8', 'utf8_general_ci', 'varchar(64)', '', '', 'select', ''),
('def', 'information_schema', 'INNODB_BUFFER_PAGE_LRU', 'FLUSH_TYPE', 6, '0', 'NO', 'bigint', NULL, NULL, 20, 0, NULL, NULL, 'bigint(21) unsigned', '', '', 'select', ''),
('def', 'information_schema', 'INNODB_BUFFER_PAGE_LRU', 'FIX_COUNT', 7, '0', 'NO', 'bigint', NULL, NULL, 20, 0, NULL, NULL, 'bigint(21) unsigned', '', '', 'select', ''),
('def', 'information_schema', 'INNODB_BUFFER_PAGE_LRU', 'IS_HASHED', 8, NULL, 'YES', 'varchar', 3, 9, NULL, NULL, 'utf8', 'utf8_general_ci', 'varchar(3)', '', '', 'select', ''),
('def', 'information_schema', 'INNODB_BUFFER_PAGE_LRU', 'NEWEST_MODIFICATION', 9, '0', 'NO', 'bigint', NULL, NULL, 20, 0, NULL, NULL, 'bigint(21) unsigned', '', '', 'select', ''),
('def', 'information_schema', 'INNODB_BUFFER_PAGE_LRU', 'OLDEST_MODIFICATION', 10, '0', 'NO', 'bigint', NULL, NULL, 20, 0, NULL, NULL, 'bigint(21) unsigned', '', '', 'select', ''),
('def', 'information_schema', 'INNODB_BUFFER_PAGE_LRU', 'ACCESS_TIME', 11, '0', 'NO', 'bigint', NULL, NULL, 20, 0, NULL, NULL, 'bigint(21) unsigned', '', '', 'select', ''),
('def', 'information_schema', 'INNODB_BUFFER_PAGE_LRU', 'TABLE_NAME', 12, NULL, 'YES', 'varchar', 1024, 3072, NULL, NULL, 'utf8', 'utf8_general_ci', 'varchar(1024)', '', '', 'select', ''),
('def', 'information_schema', 'INNODB_BUFFER_PAGE_LRU', 'INDEX_NAME', 13, NULL, 'YES', 'varchar', 1024, 3072, NULL, NULL, 'utf8', 'utf8_general_ci', 'varchar(1024)', '', '', 'select', ''),
('def', 'information_schema', 'INNODB_BUFFER_PAGE_LRU', 'NUMBER_RECORDS', 14, '0', 'NO', 'bigint', NULL, NULL, 20, 0, NULL, NULL, 'bigint(21) unsigned', '', '', 'select', ''),
('def', 'information_schema', 'INNODB_BUFFER_PAGE_LRU', 'DATA_SIZE', 15, '0', 'NO', 'bigint', NULL, NULL, 20, 0, NULL, NULL, 'bigint(21) unsigned', '', '', 'select', ''),
('def', 'information_schema', 'INNODB_BUFFER_PAGE_LRU', 'COMPRESSED_SIZE', 16, '0', 'NO', 'bigint', NULL, NULL, 20, 0, NULL, NULL, 'bigint(21) unsigned', '', '', 'select', ''),
('def', 'information_schema', 'INNODB_BUFFER_PAGE_LRU', 'COMPRESSED', 17, NULL, 'YES', 'varchar', 3, 9, NULL, NULL, 'utf8', 'utf8_general_ci', 'varchar(3)', '', '', 'select', ''),
('def', 'information_schema', 'INNODB_BUFFER_PAGE_LRU', 'IO_FIX', 18, NULL, 'YES', 'varchar', 64, 192, NULL, NULL, 'utf8', 'utf8_general_ci', 'varchar(64)', '', '', 'select', ''),
('def', 'information_schema', 'INNODB_BUFFER_PAGE_LRU', 'IS_OLD', 19, NULL, 'YES', 'varchar', 3, 9, NULL, NULL, 'utf8', 'utf8_general_ci', 'varchar(3)', '', '', 'select', ''),
('def', 'information_schema', 'INNODB_BUFFER_PAGE_LRU', 'FREE_PAGE_CLOCK', 20, '0', 'NO', 'bigint', NULL, NULL, 20, 0, NULL, NULL, 'bigint(21) unsigned', '', '', 'select', ''),
('def', 'devfest', 'hackers', 'id', 1, NULL, 'NO', 'int', NULL, NULL, 10, 0, NULL, NULL, 'int(11)', 'PRI', 'auto_increment', 'select,insert,update,references', ''),
('def', 'devfest', 'hackers', 'nick', 2, NULL, 'NO', 'varchar', 63, 189, NULL, NULL, 'utf8', 'utf8_czech_ci', 'varchar(63)', 'UNI', '', 'select,insert,update,references', ''),
('def', 'devfest', 'hackers', 'email', 3, NULL, 'NO', 'varchar', 63, 189, NULL, NULL, 'utf8', 'utf8_czech_ci', 'varchar(63)', 'UNI', '', 'select,insert,update,references', ''),
('def', 'devfest', 'hackers', 'hash', 4, NULL, 'NO', 'varchar', 128, 384, NULL, NULL, 'utf8', 'utf8_czech_ci', 'varchar(128)', 'UNI', '', 'select,insert,update,references', ''),
('def', 'devfest', 'hackers', 'level', 5, NULL, 'NO', 'int', NULL, NULL, 10, 0, NULL, NULL, 'int(11)', '', '', 'select,insert,update,references', ''),
('def', 'devfest', 'hackers', 'attempts', 6, NULL, 'NO', 'bigint', NULL, NULL, 19, 0, NULL, NULL, 'bigint(20)', '', '', 'select,insert,update,references', ''),
('def', 'devfest', 'levels', 'level', 1, NULL, 'NO', 'int', NULL, NULL, 10, 0, NULL, NULL, 'int(11)', 'PRI', '', 'select,insert,update,references', ''),
('def', 'devfest', 'levels', 'name', 2, NULL, 'NO', 'varchar', 127, 381, NULL, NULL, 'utf8', 'utf8_czech_ci', 'varchar(127)', '', '', 'select,insert,update,references', ''),
('def', 'devfest', 'levels', 'instructions', 3, NULL, 'NO', 'text', 65535, 65535, NULL, NULL, 'utf8', 'utf8_czech_ci', 'text', '', '', 'select,insert,update,references', ''),
('def', 'devfest', 'levels', 'example_input', 4, NULL, 'NO', 'text', 65535, 65535, NULL, NULL, 'utf8', 'utf8_czech_ci', 'text', '', '', 'select,insert,update,references', ''),
('def', 'devfest', 'levels', 'example_output', 5, NULL, 'NO', 'text', 65535, 65535, NULL, NULL, 'utf8', 'utf8_czech_ci', 'text', '', '', 'select,insert,update,references', ''),
('def', 'devfest', 'levels', 'input', 6, NULL, 'NO', 'text', 65535, 65535, NULL, NULL, 'utf8', 'utf8_czech_ci', 'text', '', '', 'select,insert,update,references', ''),
('def', 'devfest', 'levels', 'output', 7, NULL, 'NO', 'text', 65535, 65535, NULL, NULL, 'utf8', 'utf8_czech_ci', 'text', '', '', 'select,insert,update,references', '');

-- --------------------------------------------------------

--
-- Table structure for table `COLUMN_PRIVILEGES`
--

CREATE TEMPORARY TABLE `COLUMN_PRIVILEGES` (
  `GRANTEE` varchar(81) NOT NULL DEFAULT '',
  `TABLE_CATALOG` varchar(512) NOT NULL DEFAULT '',
  `TABLE_SCHEMA` varchar(64) NOT NULL DEFAULT '',
  `TABLE_NAME` varchar(64) NOT NULL DEFAULT '',
  `COLUMN_NAME` varchar(64) NOT NULL DEFAULT '',
  `PRIVILEGE_TYPE` varchar(64) NOT NULL DEFAULT '',
  `IS_GRANTABLE` varchar(3) NOT NULL DEFAULT ''
) ENGINE=MEMORY DEFAULT CHARSET=utf8;

-- --------------------------------------------------------

--
-- Table structure for table `ENGINES`
--

CREATE TEMPORARY TABLE `ENGINES` (
  `ENGINE` varchar(64) NOT NULL DEFAULT '',
  `SUPPORT` varchar(8) NOT NULL DEFAULT '',
  `COMMENT` varchar(80) NOT NULL DEFAULT '',
  `TRANSACTIONS` varchar(3) DEFAULT NULL,
  `XA` varchar(3) DEFAULT NULL,
  `SAVEPOINTS` varchar(3) DEFAULT NULL
) ENGINE=MEMORY DEFAULT CHARSET=utf8;

--
-- Dumping data for table `ENGINES`
--

INSERT INTO `ENGINES` (`ENGINE`, `SUPPORT`, `COMMENT`, `TRANSACTIONS`, `XA`, `SAVEPOINTS`) VALUES
('FEDERATED', 'NO', 'Federated MySQL storage engine', NULL, NULL, NULL),
('MRG_MYISAM', 'YES', 'Collection of identical MyISAM tables', 'NO', 'NO', 'NO'),
('MyISAM', 'YES', 'MyISAM storage engine', 'NO', 'NO', 'NO'),
('BLACKHOLE', 'YES', '/dev/null storage engine (anything you write to it disappears)', 'NO', 'NO', 'NO'),
('CSV', 'YES', 'CSV storage engine', 'NO', 'NO', 'NO'),
('MEMORY', 'YES', 'Hash based, stored in memory, useful for temporary tables', 'NO', 'NO', 'NO'),
('ARCHIVE', 'YES', 'Archive storage engine', 'NO', 'NO', 'NO'),
('InnoDB', 'DEFAULT', 'Supports transactions, row-level locking, and foreign keys', 'YES', 'YES', 'YES'),
('PERFORMANCE_SCHEMA', 'YES', 'Performance Schema', 'NO', 'NO', 'NO');

-- --------------------------------------------------------

--
-- Table structure for table `EVENTS`
--

CREATE TEMPORARY TABLE `EVENTS` (
  `EVENT_CATALOG` varchar(64) NOT NULL DEFAULT '',
  `EVENT_SCHEMA` varchar(64) NOT NULL DEFAULT '',
  `EVENT_NAME` varchar(64) NOT NULL DEFAULT '',
  `DEFINER` varchar(77) NOT NULL DEFAULT '',
  `TIME_ZONE` varchar(64) NOT NULL DEFAULT '',
  `EVENT_BODY` varchar(8) NOT NULL DEFAULT '',
  `EVENT_DEFINITION` longtext NOT NULL,
  `EVENT_TYPE` varchar(9) NOT NULL DEFAULT '',
  `EXECUTE_AT` datetime DEFAULT NULL,
  `INTERVAL_VALUE` varchar(256) DEFAULT NULL,
  `INTERVAL_FIELD` varchar(18) DEFAULT NULL,
  `SQL_MODE` varchar(8192) NOT NULL DEFAULT '',
  `STARTS` datetime DEFAULT NULL,
  `ENDS` datetime DEFAULT NULL,
  `STATUS` varchar(18) NOT NULL DEFAULT '',
  `ON_COMPLETION` varchar(12) NOT NULL DEFAULT '',
  `CREATED` datetime NOT NULL DEFAULT '0000-00-00 00:00:00',
  `LAST_ALTERED` datetime NOT NULL DEFAULT '0000-00-00 00:00:00',
  `LAST_EXECUTED` datetime DEFAULT NULL,
  `EVENT_COMMENT` varchar(64) NOT NULL DEFAULT '',
  `ORIGINATOR` bigint(10) NOT NULL DEFAULT '0',
  `CHARACTER_SET_CLIENT` varchar(32) NOT NULL DEFAULT '',
  `COLLATION_CONNECTION` varchar(32) NOT NULL DEFAULT '',
  `DATABASE_COLLATION` varchar(32) NOT NULL DEFAULT ''
) ENGINE=MyISAM DEFAULT CHARSET=utf8;

-- --------------------------------------------------------

--
-- Table structure for table `FILES`
--

CREATE TEMPORARY TABLE `FILES` (
  `FILE_ID` bigint(4) NOT NULL DEFAULT '0',
  `FILE_NAME` varchar(64) DEFAULT NULL,
  `FILE_TYPE` varchar(20) NOT NULL DEFAULT '',
  `TABLESPACE_NAME` varchar(64) DEFAULT NULL,
  `TABLE_CATALOG` varchar(64) NOT NULL DEFAULT '',
  `TABLE_SCHEMA` varchar(64) DEFAULT NULL,
  `TABLE_NAME` varchar(64) DEFAULT NULL,
  `LOGFILE_GROUP_NAME` varchar(64) DEFAULT NULL,
  `LOGFILE_GROUP_NUMBER` bigint(4) DEFAULT NULL,
  `ENGINE` varchar(64) NOT NULL DEFAULT '',
  `FULLTEXT_KEYS` varchar(64) DEFAULT NULL,
  `DELETED_ROWS` bigint(4) DEFAULT NULL,
  `UPDATE_COUNT` bigint(4) DEFAULT NULL,
  `FREE_EXTENTS` bigint(4) DEFAULT NULL,
  `TOTAL_EXTENTS` bigint(4) DEFAULT NULL,
  `EXTENT_SIZE` bigint(4) NOT NULL DEFAULT '0',
  `INITIAL_SIZE` bigint(21) unsigned DEFAULT NULL,
  `MAXIMUM_SIZE` bigint(21) unsigned DEFAULT NULL,
  `AUTOEXTEND_SIZE` bigint(21) unsigned DEFAULT NULL,
  `CREATION_TIME` datetime DEFAULT NULL,
  `LAST_UPDATE_TIME` datetime DEFAULT NULL,
  `LAST_ACCESS_TIME` datetime DEFAULT NULL,
  `RECOVER_TIME` bigint(4) DEFAULT NULL,
  `TRANSACTION_COUNTER` bigint(4) DEFAULT NULL,
  `VERSION` bigint(21) unsigned DEFAULT NULL,
  `ROW_FORMAT` varchar(10) DEFAULT NULL,
  `TABLE_ROWS` bigint(21) unsigned DEFAULT NULL,
  `AVG_ROW_LENGTH` bigint(21) unsigned DEFAULT NULL,
  `DATA_LENGTH` bigint(21) unsigned DEFAULT NULL,
  `MAX_DATA_LENGTH` bigint(21) unsigned DEFAULT NULL,
  `INDEX_LENGTH` bigint(21) unsigned DEFAULT NULL,
  `DATA_FREE` bigint(21) unsigned DEFAULT NULL,
  `CREATE_TIME` datetime DEFAULT NULL,
  `UPDATE_TIME` datetime DEFAULT NULL,
  `CHECK_TIME` datetime DEFAULT NULL,
  `CHECKSUM` bigint(21) unsigned DEFAULT NULL,
  `STATUS` varchar(20) NOT NULL DEFAULT '',
  `EXTRA` varchar(255) DEFAULT NULL
) ENGINE=MEMORY DEFAULT CHARSET=utf8;

-- --------------------------------------------------------

--
-- Table structure for table `GLOBAL_STATUS`
--

CREATE TEMPORARY TABLE `GLOBAL_STATUS` (
  `VARIABLE_NAME` varchar(64) NOT NULL DEFAULT '',
  `VARIABLE_VALUE` varchar(1024) DEFAULT NULL
) ENGINE=MEMORY DEFAULT CHARSET=utf8;

--
-- Dumping data for table `GLOBAL_STATUS`
--

INSERT INTO `GLOBAL_STATUS` (`VARIABLE_NAME`, `VARIABLE_VALUE`) VALUES
('ABORTED_CLIENTS', '3'),
('ABORTED_CONNECTS', '11'),
('BINLOG_CACHE_DISK_USE', '0'),
('BINLOG_CACHE_USE', '0'),
('BINLOG_STMT_CACHE_DISK_USE', '0'),
('BINLOG_STMT_CACHE_USE', '0'),
('BYTES_RECEIVED', '35203340'),
('BYTES_SENT', '154896083'),
('COM_ADMIN_COMMANDS', '0'),
('COM_ASSIGN_TO_KEYCACHE', '0'),
('COM_ALTER_DB', '0'),
('COM_ALTER_DB_UPGRADE', '0'),
('COM_ALTER_EVENT', '0'),
('COM_ALTER_FUNCTION', '0'),
('COM_ALTER_PROCEDURE', '0'),
('COM_ALTER_SERVER', '0'),
('COM_ALTER_TABLE', '2'),
('COM_ALTER_TABLESPACE', '0'),
('COM_ANALYZE', '0'),
('COM_BEGIN', '0'),
('COM_BINLOG', '0'),
('COM_CALL_PROCEDURE', '0'),
('COM_CHANGE_DB', '10348'),
('COM_CHANGE_MASTER', '0'),
('COM_CHECK', '0'),
('COM_CHECKSUM', '0'),
('COM_COMMIT', '5'),
('COM_CREATE_DB', '3'),
('COM_CREATE_EVENT', '0'),
('COM_CREATE_FUNCTION', '0'),
('COM_CREATE_INDEX', '0'),
('COM_CREATE_PROCEDURE', '0'),
('COM_CREATE_SERVER', '0'),
('COM_CREATE_TABLE', '14'),
('COM_CREATE_TRIGGER', '0'),
('COM_CREATE_UDF', '0'),
('COM_CREATE_USER', '5'),
('COM_CREATE_VIEW', '0'),
('COM_DEALLOC_SQL', '0'),
('COM_DELETE', '25230'),
('COM_DELETE_MULTI', '0'),
('COM_DO', '0'),
('COM_DROP_DB', '0'),
('COM_DROP_EVENT', '0'),
('COM_DROP_FUNCTION', '0'),
('COM_DROP_INDEX', '0'),
('COM_DROP_PROCEDURE', '0'),
('COM_DROP_SERVER', '0'),
('COM_DROP_TABLE', '0'),
('COM_DROP_TRIGGER', '0'),
('COM_DROP_USER', '1'),
('COM_DROP_VIEW', '0'),
('COM_EMPTY_QUERY', '0'),
('COM_EXECUTE_SQL', '0'),
('COM_FLUSH', '0'),
('COM_GRANT', '9'),
('COM_HA_CLOSE', '0'),
('COM_HA_OPEN', '0'),
('COM_HA_READ', '0'),
('COM_HELP', '0'),
('COM_INSERT', '45322'),
('COM_INSERT_SELECT', '2'),
('COM_INSTALL_PLUGIN', '0'),
('COM_KILL', '0'),
('COM_LOAD', '0'),
('COM_LOCK_TABLES', '0'),
('COM_OPTIMIZE', '0'),
('COM_PRELOAD_KEYS', '0'),
('COM_PREPARE_SQL', '0'),
('COM_PURGE', '0'),
('COM_PURGE_BEFORE_DATE', '0'),
('COM_RELEASE_SAVEPOINT', '0'),
('COM_RENAME_TABLE', '0'),
('COM_RENAME_USER', '0'),
('COM_REPAIR', '2'),
('COM_REPLACE', '0'),
('COM_REPLACE_SELECT', '0'),
('COM_RESET', '0'),
('COM_RESIGNAL', '0'),
('COM_REVOKE', '0'),
('COM_REVOKE_ALL', '0'),
('COM_ROLLBACK', '0'),
('COM_ROLLBACK_TO_SAVEPOINT', '0'),
('COM_SAVEPOINT', '0'),
('COM_SELECT', '34532'),
('COM_SET_OPTION', '16936'),
('COM_SIGNAL', '0'),
('COM_SHOW_AUTHORS', '0'),
('COM_SHOW_BINLOG_EVENTS', '0'),
('COM_SHOW_BINLOGS', '46'),
('COM_SHOW_CHARSETS', '0'),
('COM_SHOW_COLLATIONS', '0'),
('COM_SHOW_CONTRIBUTORS', '0'),
('COM_SHOW_CREATE_DB', '0'),
('COM_SHOW_CREATE_EVENT', '0'),
('COM_SHOW_CREATE_FUNC', '0'),
('COM_SHOW_CREATE_PROC', '0'),
('COM_SHOW_CREATE_TABLE', '103'),
('COM_SHOW_CREATE_TRIGGER', '0'),
('COM_SHOW_DATABASES', '71'),
('COM_SHOW_ENGINE_LOGS', '0'),
('COM_SHOW_ENGINE_MUTEX', '0'),
('COM_SHOW_ENGINE_STATUS', '0'),
('COM_SHOW_EVENTS', '0'),
('COM_SHOW_ERRORS', '0'),
('COM_SHOW_FIELDS', '201'),
('COM_SHOW_FUNCTION_STATUS', '3'),
('COM_SHOW_GRANTS', '15'),
('COM_SHOW_KEYS', '68'),
('COM_SHOW_MASTER_STATUS', '34'),
('COM_SHOW_OPEN_TABLES', '0'),
('COM_SHOW_PLUGINS', '10'),
('COM_SHOW_PRIVILEGES', '0'),
('COM_SHOW_PROCEDURE_STATUS', '3'),
('COM_SHOW_PROCESSLIST', '7'),
('COM_SHOW_PROFILE', '0'),
('COM_SHOW_PROFILES', '0'),
('COM_SHOW_RELAYLOG_EVENTS', '0'),
('COM_SHOW_SLAVE_HOSTS', '0'),
('COM_SHOW_SLAVE_STATUS', '34'),
('COM_SHOW_STATUS', '15'),
('COM_SHOW_STORAGE_ENGINES', '14'),
('COM_SHOW_TABLE_STATUS', '257'),
('COM_SHOW_TABLES', '124'),
('COM_SHOW_TRIGGERS', '14'),
('COM_SHOW_VARIABLES', '1191'),
('COM_SHOW_WARNINGS', '6'),
('COM_SLAVE_START', '0'),
('COM_SLAVE_STOP', '0'),
('COM_STMT_CLOSE', '0'),
('COM_STMT_EXECUTE', '0'),
('COM_STMT_FETCH', '0'),
('COM_STMT_PREPARE', '0'),
('COM_STMT_REPREPARE', '0'),
('COM_STMT_RESET', '0'),
('COM_STMT_SEND_LONG_DATA', '0'),
('COM_TRUNCATE', '15'),
('COM_UNINSTALL_PLUGIN', '0'),
('COM_UNLOCK_TABLES', '0'),
('COM_UPDATE', '13199'),
('COM_UPDATE_MULTI', '3'),
('COM_XA_COMMIT', '0'),
('COM_XA_END', '0'),
('COM_XA_PREPARE', '0'),
('COM_XA_RECOVER', '0'),
('COM_XA_ROLLBACK', '0'),
('COM_XA_START', '0'),
('COMPRESSION', 'OFF'),
('CONNECTIONS', '13097'),
('CREATED_TMP_DISK_TABLES', '597'),
('CREATED_TMP_FILES', '53'),
('CREATED_TMP_TABLES', '5282'),
('DELAYED_ERRORS', '0'),
('DELAYED_INSERT_THREADS', '0'),
('DELAYED_WRITES', '0'),
('FLUSH_COMMANDS', '1'),
('HANDLER_COMMIT', '56932'),
('HANDLER_DELETE', '5414'),
('HANDLER_DISCOVER', '0'),
('HANDLER_PREPARE', '0'),
('HANDLER_READ_FIRST', '4256'),
('HANDLER_READ_KEY', '125960'),
('HANDLER_READ_LAST', '78'),
('HANDLER_READ_NEXT', '1102944'),
('HANDLER_READ_PREV', '16995'),
('HANDLER_READ_RND', '111896'),
('HANDLER_READ_RND_NEXT', '9216247'),
('HANDLER_ROLLBACK', '1084'),
('HANDLER_SAVEPOINT', '0'),
('HANDLER_SAVEPOINT_ROLLBACK', '0'),
('HANDLER_UPDATE', '60318'),
('HANDLER_WRITE', '429645'),
('INNODB_BUFFER_POOL_PAGES_DATA', '1071'),
('INNODB_BUFFER_POOL_PAGES_DIRTY', '0'),
('INNODB_BUFFER_POOL_PAGES_FLUSHED', '30989'),
('INNODB_BUFFER_POOL_PAGES_FREE', '34954'),
('INNODB_BUFFER_POOL_PAGES_MISC', '7'),
('INNODB_BUFFER_POOL_PAGES_TOTAL', '36032'),
('INNODB_BUFFER_POOL_READ_AHEAD_RND', '0'),
('INNODB_BUFFER_POOL_READ_AHEAD', '0'),
('INNODB_BUFFER_POOL_READ_AHEAD_EVICTED', '0'),
('INNODB_BUFFER_POOL_READ_REQUESTS', '7625078'),
('INNODB_BUFFER_POOL_READS', '952'),
('INNODB_BUFFER_POOL_WAIT_FREE', '0'),
('INNODB_BUFFER_POOL_WRITE_REQUESTS', '216613'),
('INNODB_DATA_FSYNCS', '51249'),
('INNODB_DATA_PENDING_FSYNCS', '0'),
('INNODB_DATA_PENDING_READS', '0'),
('INNODB_DATA_PENDING_WRITES', '0'),
('INNODB_DATA_READ', '17780736'),
('INNODB_DATA_READS', '962'),
('INNODB_DATA_WRITES', '80255'),
('INNODB_DATA_WRITTEN', '1050459648'),
('INNODB_DBLWR_PAGES_WRITTEN', '30989'),
('INNODB_DBLWR_WRITES', '2104'),
('INNODB_HAVE_ATOMIC_BUILTINS', 'ON'),
('INNODB_LOG_WAITS', '0'),
('INNODB_LOG_WRITE_REQUESTS', '22351'),
('INNODB_LOG_WRITES', '45722'),
('INNODB_OS_LOG_FSYNCS', '47080'),
('INNODB_OS_LOG_PENDING_FSYNCS', '0'),
('INNODB_OS_LOG_PENDING_WRITES', '0'),
('INNODB_OS_LOG_WRITTEN', '34316800'),
('INNODB_PAGE_SIZE', '16384'),
('INNODB_PAGES_CREATED', '120'),
('INNODB_PAGES_READ', '951'),
('INNODB_PAGES_WRITTEN', '30989'),
('INNODB_ROW_LOCK_CURRENT_WAITS', '0'),
('INNODB_ROW_LOCK_TIME', '0'),
('INNODB_ROW_LOCK_TIME_AVG', '0'),
('INNODB_ROW_LOCK_TIME_MAX', '0'),
('INNODB_ROW_LOCK_WAITS', '1'),
('INNODB_ROWS_DELETED', '1269'),
('INNODB_ROWS_INSERTED', '41346'),
('INNODB_ROWS_READ', '6922260'),
('INNODB_ROWS_UPDATED', '4975'),
('INNODB_TRUNCATED_STATUS_WRITES', '0'),
('KEY_BLOCKS_NOT_FLUSHED', '0'),
('KEY_BLOCKS_UNUSED', '243299'),
('KEY_BLOCKS_USED', '161'),
('KEY_READ_REQUESTS', '646456'),
('KEY_READS', '21641'),
('KEY_WRITE_REQUESTS', '10399'),
('KEY_WRITES', '6417'),
('LAST_QUERY_COST', '0.000000'),
('MAX_USED_CONNECTIONS', '6'),
('NOT_FLUSHED_DELAYED_ROWS', '0'),
('OPEN_FILES', '4'),
('OPEN_STREAMS', '0'),
('OPEN_TABLE_DEFINITIONS', '260'),
('OPEN_TABLES', '4'),
('OPENED_FILES', '7912'),
('OPENED_TABLE_DEFINITIONS', '297'),
('OPENED_TABLES', '4738'),
('PERFORMANCE_SCHEMA_COND_CLASSES_LOST', '0'),
('PERFORMANCE_SCHEMA_COND_INSTANCES_LOST', '0'),
('PERFORMANCE_SCHEMA_FILE_CLASSES_LOST', '0'),
('PERFORMANCE_SCHEMA_FILE_HANDLES_LOST', '0'),
('PERFORMANCE_SCHEMA_FILE_INSTANCES_LOST', '0'),
('PERFORMANCE_SCHEMA_LOCKER_LOST', '0'),
('PERFORMANCE_SCHEMA_MUTEX_CLASSES_LOST', '0'),
('PERFORMANCE_SCHEMA_MUTEX_INSTANCES_LOST', '0'),
('PERFORMANCE_SCHEMA_RWLOCK_CLASSES_LOST', '0'),
('PERFORMANCE_SCHEMA_RWLOCK_INSTANCES_LOST', '0'),
('PERFORMANCE_SCHEMA_TABLE_HANDLES_LOST', '0'),
('PERFORMANCE_SCHEMA_TABLE_INSTANCES_LOST', '0'),
('PERFORMANCE_SCHEMA_THREAD_CLASSES_LOST', '0'),
('PERFORMANCE_SCHEMA_THREAD_INSTANCES_LOST', '0'),
('PREPARED_STMT_COUNT', '0'),
('QCACHE_FREE_BLOCKS', '935'),
('QCACHE_FREE_MEMORY', '183841632'),
('QCACHE_HITS', '135150'),
('QCACHE_INSERTS', '30492'),
('QCACHE_LOWMEM_PRUNES', '0'),
('QCACHE_NOT_CACHED', '3968'),
('QCACHE_QUERIES_IN_CACHE', '6735'),
('QCACHE_TOTAL_BLOCKS', '14613'),
('QUERIES', '296842'),
('QUESTIONS', '296842'),
('RPL_STATUS', 'AUTH_MASTER'),
('SELECT_FULL_JOIN', '11'),
('SELECT_FULL_RANGE_JOIN', '0'),
('SELECT_RANGE', '2545'),
('SELECT_RANGE_CHECK', '0'),
('SELECT_SCAN', '5839'),
('SLAVE_HEARTBEAT_PERIOD', '0.000'),
('SLAVE_OPEN_TEMP_TABLES', '0'),
('SLAVE_RECEIVED_HEARTBEATS', '0'),
('SLAVE_RETRIED_TRANSACTIONS', '0'),
('SLAVE_RUNNING', 'OFF'),
('SLOW_LAUNCH_THREADS', '0'),
('SLOW_QUERIES', '0'),
('SORT_MERGE_PASSES', '24'),
('SORT_RANGE', '4745'),
('SORT_ROWS', '114057'),
('SORT_SCAN', '2276'),
('SSL_ACCEPT_RENEGOTIATES', '0'),
('SSL_ACCEPTS', '0'),
('SSL_CALLBACK_CACHE_HITS', '0'),
('SSL_CIPHER', ''),
('SSL_CIPHER_LIST', ''),
('SSL_CLIENT_CONNECTS', '0'),
('SSL_CONNECT_RENEGOTIATES', '0'),
('SSL_CTX_VERIFY_DEPTH', '0'),
('SSL_CTX_VERIFY_MODE', '0'),
('SSL_DEFAULT_TIMEOUT', '0'),
('SSL_FINISHED_ACCEPTS', '0'),
('SSL_FINISHED_CONNECTS', '0'),
('SSL_SESSION_CACHE_HITS', '0'),
('SSL_SESSION_CACHE_MISSES', '0'),
('SSL_SESSION_CACHE_MODE', 'NONE'),
('SSL_SESSION_CACHE_OVERFLOWS', '0'),
('SSL_SESSION_CACHE_SIZE', '0'),
('SSL_SESSION_CACHE_TIMEOUTS', '0'),
('SSL_SESSIONS_REUSED', '0'),
('SSL_USED_SESSION_CACHE_ENTRIES', '0'),
('SSL_VERIFY_DEPTH', '0'),
('SSL_VERIFY_MODE', '0'),
('SSL_VERSION', ''),
('TABLE_LOCKS_IMMEDIATE', '119274'),
('TABLE_LOCKS_WAITED', '2'),
('TC_LOG_MAX_PAGES_USED', '0'),
('TC_LOG_PAGE_SIZE', '0'),
('TC_LOG_PAGE_WAITS', '0'),
('THREADS_CACHED', '5'),
('THREADS_CONNECTED', '1'),
('THREADS_CREATED', '6'),
('THREADS_RUNNING', '1'),
('UPTIME', '851464'),
('UPTIME_SINCE_FLUSH_STATUS', '851464');

-- --------------------------------------------------------

--
-- Table structure for table `GLOBAL_VARIABLES`
--

CREATE TEMPORARY TABLE `GLOBAL_VARIABLES` (
  `VARIABLE_NAME` varchar(64) NOT NULL DEFAULT '',
  `VARIABLE_VALUE` varchar(1024) DEFAULT NULL
) ENGINE=MEMORY DEFAULT CHARSET=utf8;

--
-- Dumping data for table `GLOBAL_VARIABLES`
--

INSERT INTO `GLOBAL_VARIABLES` (`VARIABLE_NAME`, `VARIABLE_VALUE`) VALUES
('MAX_PREPARED_STMT_COUNT', '16382'),
('SYNC_MASTER_INFO', '0'),
('HAVE_CRYPT', 'NO'),
('PERFORMANCE_SCHEMA_EVENTS_WAITS_HISTORY_LONG_SIZE', '10000'),
('INNODB_VERSION', '1.1.8'),
('FLUSH_TIME', '1800'),
('MAX_ERROR_COUNT', '64'),
('PERFORMANCE_SCHEMA_MAX_COND_INSTANCES', '1000'),
('VERSION_COMPILE_OS', 'Win64'),
('MAX_BINLOG_SIZE', '1073741824'),
('JOIN_BUFFER_SIZE', '131072'),
('MAX_WRITE_LOCK_COUNT', '4294967295'),
('DELAYED_INSERT_TIMEOUT', '300'),
('PERFORMANCE_SCHEMA_MAX_MUTEX_INSTANCES', '1000000'),
('RELAY_LOG', ''),
('PERFORMANCE_SCHEMA_MAX_RWLOCK_INSTANCES', '1000000'),
('PLUGIN_DIR', 'C:\\Program Files\\MySQL\\MySQL Server 5.5\\lib\\plugin\\'),
('PERFORMANCE_SCHEMA_MAX_RWLOCK_CLASSES', '30'),
('BASEDIR', 'C:/Program Files/MySQL/MySQL Server 5.5/'),
('PERFORMANCE_SCHEMA_MAX_MUTEX_CLASSES', '200'),
('UPDATABLE_VIEWS_WITH_LIMIT', 'YES'),
('BACK_LOG', '50'),
('SLOW_LAUNCH_TIME', '2'),
('EVENT_SCHEDULER', 'OFF'),
('TX_ISOLATION', 'REPEATABLE-READ'),
('INIT_SLAVE', ''),
('RELAY_LOG_INDEX', ''),
('FT_STOPWORD_FILE', '(built-in)'),
('SQL_QUOTE_SHOW_CREATE', 'ON'),
('PERFORMANCE_SCHEMA', 'OFF'),
('MAX_LENGTH_FOR_SORT_DATA', '1024'),
('MAX_SEEKS_FOR_KEY', '4294967295'),
('WAIT_TIMEOUT', '28800'),
('LONG_QUERY_TIME', '10.000000'),
('PERFORMANCE_SCHEMA_MAX_TABLE_HANDLES', '100000'),
('CHARACTER_SETS_DIR', 'C:\\Program Files\\MySQL\\MySQL Server 5.5\\share\\charsets\\'),
('BINLOG_FORMAT', 'STATEMENT'),
('REPORT_HOST', ''),
('CHARACTER_SET_RESULTS', 'utf8'),
('MYISAM_SORT_BUFFER_SIZE', '70254592'),
('CHARACTER_SET_CONNECTION', 'utf8'),
('INNODB_ROLLBACK_SEGMENTS', '128'),
('MIN_EXAMINED_ROW_LIMIT', '0'),
('LARGE_FILES_SUPPORT', 'ON'),
('OPTIMIZER_PRUNE_LEVEL', '1'),
('QUERY_ALLOC_BLOCK_SIZE', '8192'),
('LOG_SLAVE_UPDATES', 'OFF'),
('NET_BUFFER_LENGTH', '16384'),
('FT_QUERY_EXPANSION_LIMIT', '20'),
('SKIP_SHOW_DATABASE', 'OFF'),
('FT_MAX_WORD_LEN', '84'),
('GROUP_CONCAT_MAX_LEN', '1024'),
('LARGE_PAGES', 'OFF'),
('RANGE_ALLOC_BLOCK_SIZE', '4096'),
('SQL_WARNINGS', 'OFF'),
('SYSTEM_TIME_ZONE', 'St'),
('INNODB_LOG_FILE_SIZE', '118489088'),
('DELAY_KEY_WRITE', 'ON'),
('TRANSACTION_PREALLOC_SIZE', '4096'),
('INTERACTIVE_TIMEOUT', '28800'),
('MYISAM_RECOVER_OPTIONS', 'OFF'),
('AUTOMATIC_SP_PRIVILEGES', 'ON'),
('INNODB_ADDITIONAL_MEM_POOL_SIZE', '12582912'),
('DELAYED_INSERT_LIMIT', '100'),
('LOW_PRIORITY_UPDATES', 'OFF'),
('COMPLETION_TYPE', 'NO_CHAIN'),
('REPORT_PASSWORD', ''),
('BINLOG_DIRECT_NON_TRANSACTIONAL_UPDATES', 'OFF'),
('MAX_INSERT_DELAYED_THREADS', '20'),
('AUTO_INCREMENT_OFFSET', '1'),
('SQL_BIG_SELECTS', 'ON'),
('QUERY_PREALLOC_SIZE', '8192'),
('TRANSACTION_ALLOC_BLOCK_SIZE', '8192'),
('BINLOG_CACHE_SIZE', '32768'),
('THREAD_CACHE_SIZE', '38'),
('LC_MESSAGES_DIR', 'C:\\Program Files\\MySQL\\MySQL Server 5.5\\share\\'),
('INNODB_DOUBLEWRITE', 'ON'),
('LOWER_CASE_FILE_SYSTEM', 'ON'),
('INIT_FILE', ''),
('DEFAULT_WEEK_FORMAT', '0'),
('SQL_LOW_PRIORITY_UPDATES', 'OFF'),
('LOG_OUTPUT', 'FILE'),
('PERFORMANCE_SCHEMA_MAX_THREAD_CLASSES', '50'),
('INNODB_IO_CAPACITY', '200'),
('MAX_CONNECT_ERRORS', '10'),
('INNODB_USE_NATIVE_AIO', 'ON'),
('SSL_CAPATH', ''),
('HAVE_SYMLINK', 'YES'),
('OLD_ALTER_TABLE', 'OFF'),
('TIME_ZONE', 'SYSTEM'),
('SQL_SLAVE_SKIP_COUNTER', '0'),
('INNODB_TABLE_LOCKS', 'ON'),
('LOG_WARNINGS', '1'),
('INNODB_AUTOEXTEND_INCREMENT', '8'),
('DELAYED_QUEUE_SIZE', '1000'),
('MYISAM_DATA_POINTER_SIZE', '6'),
('MAX_LONG_DATA_SIZE', '1048576'),
('INNODB_THREAD_SLEEP_DELAY', '10000'),
('SORT_BUFFER_SIZE', '262144'),
('SQL_AUTO_IS_NULL', 'OFF'),
('LOWER_CASE_TABLE_NAMES', '1'),
('SLAVE_TRANSACTION_RETRIES', '10'),
('CONNECT_TIMEOUT', '10'),
('KEEP_FILES_ON_CREATE', 'OFF'),
('MAX_HEAP_TABLE_SIZE', '16777216'),
('SYNC_RELAY_LOG_INFO', '0'),
('LOCK_WAIT_TIMEOUT', '31536000'),
('INNODB_REPLICATION_DELAY', '0'),
('KEY_CACHE_AGE_THRESHOLD', '300'),
('QUERY_CACHE_MIN_RES_UNIT', '4096'),
('NET_RETRY_COUNT', '10'),
('INNODB_STATS_ON_METADATA', 'ON'),
('READ_BUFFER_SIZE', '65536'),
('INNODB_ROLLBACK_ON_TIMEOUT', 'OFF'),
('FLUSH', 'OFF'),
('PROFILING_HISTORY_SIZE', '15'),
('LOG_QUERIES_NOT_USING_INDEXES', 'OFF'),
('INNODB_CHANGE_BUFFERING', 'all'),
('CHARACTER_SET_SERVER', 'utf8'),
('READ_RND_BUFFER_SIZE', '262144'),
('SLAVE_MAX_ALLOWED_PACKET', '1073741824'),
('INNODB_FILE_FORMAT', 'Antelope'),
('COLLATION_SERVER', 'utf8_general_ci'),
('BIG_TABLES', 'OFF'),
('SQL_SELECT_LIMIT', '18446744073709551615'),
('BULK_INSERT_BUFFER_SIZE', '8388608'),
('DATE_FORMAT', '%Y-%m-%d'),
('CHARACTER_SET_FILESYSTEM', 'binary'),
('READ_ONLY', 'OFF'),
('BINLOG_STMT_CACHE_SIZE', '32768'),
('MAX_CONNECTIONS', '800'),
('INNODB_DATA_FILE_PATH', 'ibdata1:10M:autoextend'),
('MAX_BINLOG_CACHE_SIZE', '18446744073709547520'),
('INNODB_PURGE_THREADS', '0'),
('PERFORMANCE_SCHEMA_MAX_FILE_CLASSES', '50'),
('PROFILING', 'OFF'),
('MAX_SORT_LENGTH', '1024'),
('INNODB_STRICT_MODE', 'OFF'),
('PERFORMANCE_SCHEMA_EVENTS_WAITS_HISTORY_SIZE', '10'),
('KEY_CACHE_DIVISION_LIMIT', '100'),
('TABLE_DEFINITION_CACHE', '400'),
('GENERAL_LOG_FILE', 'E:\\MySQL\\Data\\Data\\WIN-TSQCB558VRH.log'),
('OLD_PASSWORDS', 'OFF'),
('PERFORMANCE_SCHEMA_MAX_COND_CLASSES', '80'),
('NET_WRITE_TIMEOUT', '60'),
('AUTO_INCREMENT_INCREMENT', '1'),
('THREAD_HANDLING', 'one-thread-per-connection'),
('TMPDIR', 'C:\\Windows\\TEMP'),
('METADATA_LOCKS_CACHE_SIZE', '1024'),
('EXPIRE_LOGS_DAYS', '0'),
('QUERY_CACHE_LIMIT', '1048576'),
('HAVE_PARTITIONING', 'YES'),
('SLAVE_COMPRESSED_PROTOCOL', 'OFF'),
('FOREIGN_KEY_CHECKS', 'ON'),
('KEY_CACHE_BLOCK_SIZE', '1024'),
('RELAY_LOG_INFO_FILE', 'relay-log.info'),
('NEW', 'OFF'),
('INNODB_AUTOINC_LOCK_MODE', '1'),
('THREAD_STACK', '262144'),
('INNODB_COMMIT_CONCURRENCY', '0'),
('SLAVE_EXEC_MODE', 'STRICT'),
('INNODB_MIRRORED_LOG_GROUPS', '1'),
('SKIP_NAME_RESOLVE', 'OFF'),
('INNODB_PURGE_BATCH_SIZE', '20'),
('PID_FILE', 'E:\\MySQL\\Data\\Data\\WIN-TSQCB558VRH.pid'),
('VERSION', '5.5.28'),
('VERSION_COMMENT', 'MySQL Community Server (GPL)'),
('INNODB_SUPPORT_XA', 'ON'),
('CONCURRENT_INSERT', 'AUTO'),
('INNODB_SYNC_SPIN_LOOPS', '30'),
('VERSION_COMPILE_MACHINE', 'x86'),
('COLLATION_CONNECTION', 'utf8_general_ci'),
('LOG_SLOW_QUERIES', 'OFF'),
('INNODB_ADAPTIVE_FLUSHING', 'ON'),
('SLAVE_LOAD_TMPDIR', 'C:\\Windows\\TEMP'),
('INNODB_ADAPTIVE_HASH_INDEX', 'ON'),
('FT_BOOLEAN_SYNTAX', '+ -><()~*:""&|'),
('SQL_LOG_OFF', 'OFF'),
('SECURE_AUTH', 'OFF'),
('DIV_PRECISION_INCREMENT', '4'),
('QUERY_CACHE_WLOCK_INVALIDATE', 'OFF'),
('STORED_PROGRAM_CACHE', '256'),
('MYISAM_STATS_METHOD', 'nulls_unequal'),
('INNODB_DATA_HOME_DIR', 'E:\\MySQL\\Tables\\'),
('GENERAL_LOG', 'OFF'),
('INNODB_READ_IO_THREADS', '4'),
('PERFORMANCE_SCHEMA_MAX_THREAD_INSTANCES', '1000'),
('INNODB_WRITE_IO_THREADS', '4'),
('HAVE_CSV', 'YES'),
('INNODB_BUFFER_POOL_INSTANCES', '1'),
('SERVER_ID', '0'),
('INNODB_FORCE_RECOVERY', '0'),
('SKIP_NETWORKING', 'OFF'),
('INNODB_LOG_FILES_IN_GROUP', '2'),
('CHARACTER_SET_SYSTEM', 'utf8'),
('INIT_CONNECT', ''),
('HAVE_DYNAMIC_LOADING', 'YES'),
('OPTIMIZER_SEARCH_DEPTH', '62'),
('SYNC_BINLOG', '0'),
('AUTOCOMMIT', 'ON'),
('RELAY_LOG_SPACE_LIMIT', '0'),
('NAMED_PIPE', 'OFF'),
('INNODB_OPEN_FILES', '300'),
('SSL_CIPHER', ''),
('INNODB_FILE_FORMAT_CHECK', 'ON'),
('LOG_ERROR', 'E:\\MySQL\\Data\\Data\\WIN-TSQCB558VRH.err'),
('INNODB_READ_AHEAD_THRESHOLD', '56'),
('SQL_BIG_TABLES', 'OFF'),
('HOSTNAME', 'WIN-TSQCB558VRH'),
('KEY_BUFFER_SIZE', '304087040'),
('CHARACTER_SET_DATABASE', 'utf8'),
('HAVE_NDBCLUSTER', 'NO'),
('MAX_SP_RECURSION_DEPTH', '0'),
('REPORT_PORT', '3306'),
('SQL_LOG_BIN', 'ON'),
('INNODB_STATS_METHOD', 'nulls_equal'),
('TMP_TABLE_SIZE', '70254592'),
('INNODB_FAST_SHUTDOWN', '1'),
('LOG_BIN', 'OFF'),
('SSL_CA', ''),
('INNODB_OLD_BLOCKS_PCT', '37'),
('INNODB_THREAD_CONCURRENCY', '10'),
('MAX_USER_CONNECTIONS', '0'),
('SLAVE_NET_TIMEOUT', '3600'),
('SQL_MAX_JOIN_SIZE', '18446744073709551615'),
('INNODB_STATS_SAMPLE_PAGES', '8'),
('TABLE_OPEN_CACHE', '1520'),
('LOCAL_INFILE', 'ON'),
('QUERY_CACHE_TYPE', 'ON'),
('HAVE_RTREE_KEYS', 'YES'),
('SECURE_FILE_PRIV', ''),
('HAVE_PROFILING', 'YES'),
('ENGINE_CONDITION_PUSHDOWN', 'ON'),
('SHARED_MEMORY_BASE_NAME', 'MYSQL'),
('LARGE_PAGE_SIZE', '0'),
('MYISAM_MMAP_SIZE', '18446744073709551615'),
('HAVE_INNODB', 'YES'),
('PERFORMANCE_SCHEMA_MAX_FILE_HANDLES', '32768'),
('QUERY_CACHE_SIZE', '195035136'),
('RELAY_LOG_RECOVERY', 'OFF'),
('MAX_DELAYED_THREADS', '20'),
('REPORT_USER', ''),
('DATETIME_FORMAT', '%Y-%m-%d %H:%i:%s'),
('HAVE_GEOMETRY', 'YES'),
('INNODB_FLUSH_LOG_AT_TRX_COMMIT', '1'),
('SLOW_QUERY_LOG', 'OFF'),
('MAX_RELAY_LOG_SIZE', '0'),
('PRELOAD_BUFFER_SIZE', '32768'),
('INNODB_RANDOM_READ_AHEAD', 'OFF'),
('LOG', 'OFF'),
('IGNORE_BUILTIN_INNODB', 'OFF'),
('OPEN_FILES_LIMIT', '6048'),
('PORT', '3306'),
('DATADIR', 'E:\\MySQL\\Data\\Data\\'),
('FT_MIN_WORD_LEN', '4'),
('SKIP_EXTERNAL_LOCKING', 'ON'),
('LOG_BIN_TRUST_FUNCTION_CREATORS', 'OFF'),
('SHARED_MEMORY', 'OFF'),
('INNODB_FORCE_LOAD_CORRUPTED', 'OFF'),
('HAVE_QUERY_CACHE', 'YES'),
('HAVE_OPENSSL', 'DISABLED'),
('SYNC_RELAY_LOG', '0'),
('MAX_BINLOG_STMT_CACHE_SIZE', '18446744073709547520'),
('LC_TIME_NAMES', 'en_US'),
('PERFORMANCE_SCHEMA_MAX_FILE_INSTANCES', '10000'),
('TIME_FORMAT', '%H:%i:%s'),
('INNODB_SPIN_WAIT_DELAY', '6'),
('LC_MESSAGES', 'en_US'),
('INNODB_FILE_FORMAT_MAX', 'Antelope'),
('NET_READ_TIMEOUT', '30'),
('DEFAULT_STORAGE_ENGINE', 'InnoDB'),
('SYNC_FRM', 'ON'),
('INNODB_LOCK_WAIT_TIMEOUT', '50'),
('TIMED_MUTEXES', 'OFF'),
('INNODB_OLD_BLOCKS_TIME', '0'),
('MULTI_RANGE_COUNT', '256'),
('RPL_RECOVERY_RANK', '0'),
('OLD', 'OFF'),
('MAX_TMP_TABLES', '32'),
('OPTIMIZER_SWITCH', 'index_merge=on,index_merge_union=on,index_merge_sort_union=on,index_merge_intersection=on,engine_condition_pushdown=on'),
('MAX_ALLOWED_PACKET', '1048576'),
('SQL_BUFFER_RESULT', 'OFF'),
('STORAGE_ENGINE', 'InnoDB'),
('INNODB_FLUSH_METHOD', ''),
('SLOW_QUERY_LOG_FILE', 'E:\\MySQL\\Data\\Data\\WIN-TSQCB558VRH-slow.log'),
('SSL_CERT', ''),
('INNODB_CHECKSUMS', 'ON'),
('SSL_KEY', ''),
('INNODB_LOCKS_UNSAFE_FOR_BINLOG', 'OFF'),
('HAVE_SSL', 'DISABLED'),
('MYISAM_USE_MMAP', 'OFF'),
('SLAVE_SKIP_ERRORS', 'OFF'),
('INNODB_CONCURRENCY_TICKETS', '500'),
('SQL_SAFE_UPDATES', 'OFF'),
('RELAY_LOG_PURGE', 'ON'),
('MAX_JOIN_SIZE', '18446744073709551615'),
('COLLATION_DATABASE', 'utf8_general_ci'),
('INNODB_BUFFER_POOL_SIZE', '590348288'),
('INNODB_FILE_PER_TABLE', 'OFF'),
('INNODB_LOG_GROUP_HOME_DIR', '.\\'),
('INNODB_LOG_BUFFER_SIZE', '6291456'),
('INNODB_LARGE_PREFIX', 'OFF'),
('SOCKET', 'MySQL'),
('CHARACTER_SET_CLIENT', 'utf8'),
('INNODB_MAX_PURGE_LAG', '0'),
('MYISAM_MAX_SORT_FILE_SIZE', '107374182400'),
('SQL_MODE', 'STRICT_TRANS_TABLES,NO_AUTO_CREATE_USER,NO_ENGINE_SUBSTITUTION'),
('SLAVE_TYPE_CONVERSIONS', ''),
('MYISAM_REPAIR_THREADS', '1'),
('SQL_NOTES', 'ON'),
('PROTOCOL_VERSION', '10'),
('INNODB_USE_SYS_MALLOC', 'ON'),
('LICENSE', 'GPL'),
('INNODB_MAX_DIRTY_PAGES_PCT', '75'),
('PERFORMANCE_SCHEMA_MAX_TABLE_INSTANCES', '50000'),
('THREAD_CONCURRENCY', '10'),
('UNIQUE_CHECKS', 'ON'),
('HAVE_COMPRESS', 'YES');

-- --------------------------------------------------------

--
-- Table structure for table `KEY_COLUMN_USAGE`
--

CREATE TEMPORARY TABLE `KEY_COLUMN_USAGE` (
  `CONSTRAINT_CATALOG` varchar(512) NOT NULL DEFAULT '',
  `CONSTRAINT_SCHEMA` varchar(64) NOT NULL DEFAULT '',
  `CONSTRAINT_NAME` varchar(64) NOT NULL DEFAULT '',
  `TABLE_CATALOG` varchar(512) NOT NULL DEFAULT '',
  `TABLE_SCHEMA` varchar(64) NOT NULL DEFAULT '',
  `TABLE_NAME` varchar(64) NOT NULL DEFAULT '',
  `COLUMN_NAME` varchar(64) NOT NULL DEFAULT '',
  `ORDINAL_POSITION` bigint(10) NOT NULL DEFAULT '0',
  `POSITION_IN_UNIQUE_CONSTRAINT` bigint(10) DEFAULT NULL,
  `REFERENCED_TABLE_SCHEMA` varchar(64) DEFAULT NULL,
  `REFERENCED_TABLE_NAME` varchar(64) DEFAULT NULL,
  `REFERENCED_COLUMN_NAME` varchar(64) DEFAULT NULL
) ENGINE=MEMORY DEFAULT CHARSET=utf8;

--
-- Dumping data for table `KEY_COLUMN_USAGE`
--

INSERT INTO `KEY_COLUMN_USAGE` (`CONSTRAINT_CATALOG`, `CONSTRAINT_SCHEMA`, `CONSTRAINT_NAME`, `TABLE_CATALOG`, `TABLE_SCHEMA`, `TABLE_NAME`, `COLUMN_NAME`, `ORDINAL_POSITION`, `POSITION_IN_UNIQUE_CONSTRAINT`, `REFERENCED_TABLE_SCHEMA`, `REFERENCED_TABLE_NAME`, `REFERENCED_COLUMN_NAME`) VALUES
('def', 'devfest', 'PRIMARY', 'def', 'devfest', 'hackers', 'id', 1, NULL, NULL, NULL, NULL),
('def', 'devfest', 'nick', 'def', 'devfest', 'hackers', 'nick', 1, NULL, NULL, NULL, NULL),
('def', 'devfest', 'email', 'def', 'devfest', 'hackers', 'email', 1, NULL, NULL, NULL, NULL),
('def', 'devfest', 'hash', 'def', 'devfest', 'hackers', 'hash', 1, NULL, NULL, NULL, NULL),
('def', 'devfest', 'PRIMARY', 'def', 'devfest', 'levels', 'level', 1, NULL, NULL, NULL, NULL);

-- --------------------------------------------------------

--
-- Table structure for table `PARAMETERS`
--

CREATE TEMPORARY TABLE `PARAMETERS` (
  `SPECIFIC_CATALOG` varchar(512) NOT NULL DEFAULT '',
  `SPECIFIC_SCHEMA` varchar(64) NOT NULL DEFAULT '',
  `SPECIFIC_NAME` varchar(64) NOT NULL DEFAULT '',
  `ORDINAL_POSITION` int(21) NOT NULL DEFAULT '0',
  `PARAMETER_MODE` varchar(5) DEFAULT NULL,
  `PARAMETER_NAME` varchar(64) DEFAULT NULL,
  `DATA_TYPE` varchar(64) NOT NULL DEFAULT '',
  `CHARACTER_MAXIMUM_LENGTH` int(21) DEFAULT NULL,
  `CHARACTER_OCTET_LENGTH` int(21) DEFAULT NULL,
  `NUMERIC_PRECISION` int(21) DEFAULT NULL,
  `NUMERIC_SCALE` int(21) DEFAULT NULL,
  `CHARACTER_SET_NAME` varchar(64) DEFAULT NULL,
  `COLLATION_NAME` varchar(64) DEFAULT NULL,
  `DTD_IDENTIFIER` longtext NOT NULL,
  `ROUTINE_TYPE` varchar(9) NOT NULL DEFAULT ''
) ENGINE=MyISAM DEFAULT CHARSET=utf8;

-- --------------------------------------------------------

--
-- Table structure for table `PARTITIONS`
--

CREATE TEMPORARY TABLE `PARTITIONS` (
  `TABLE_CATALOG` varchar(512) NOT NULL DEFAULT '',
  `TABLE_SCHEMA` varchar(64) NOT NULL DEFAULT '',
  `TABLE_NAME` varchar(64) NOT NULL DEFAULT '',
  `PARTITION_NAME` varchar(64) DEFAULT NULL,
  `SUBPARTITION_NAME` varchar(64) DEFAULT NULL,
  `PARTITION_ORDINAL_POSITION` bigint(21) unsigned DEFAULT NULL,
  `SUBPARTITION_ORDINAL_POSITION` bigint(21) unsigned DEFAULT NULL,
  `PARTITION_METHOD` varchar(18) DEFAULT NULL,
  `SUBPARTITION_METHOD` varchar(12) DEFAULT NULL,
  `PARTITION_EXPRESSION` longtext,
  `SUBPARTITION_EXPRESSION` longtext,
  `PARTITION_DESCRIPTION` longtext,
  `TABLE_ROWS` bigint(21) unsigned NOT NULL DEFAULT '0',
  `AVG_ROW_LENGTH` bigint(21) unsigned NOT NULL DEFAULT '0',
  `DATA_LENGTH` bigint(21) unsigned NOT NULL DEFAULT '0',
  `MAX_DATA_LENGTH` bigint(21) unsigned DEFAULT NULL,
  `INDEX_LENGTH` bigint(21) unsigned NOT NULL DEFAULT '0',
  `DATA_FREE` bigint(21) unsigned NOT NULL DEFAULT '0',
  `CREATE_TIME` datetime DEFAULT NULL,
  `UPDATE_TIME` datetime DEFAULT NULL,
  `CHECK_TIME` datetime DEFAULT NULL,
  `CHECKSUM` bigint(21) unsigned DEFAULT NULL,
  `PARTITION_COMMENT` varchar(80) NOT NULL DEFAULT '',
  `NODEGROUP` varchar(12) NOT NULL DEFAULT '',
  `TABLESPACE_NAME` varchar(64) DEFAULT NULL
) ENGINE=MyISAM DEFAULT CHARSET=utf8;

--
-- Dumping data for table `PARTITIONS`
--

INSERT INTO `PARTITIONS` (`TABLE_CATALOG`, `TABLE_SCHEMA`, `TABLE_NAME`, `PARTITION_NAME`, `SUBPARTITION_NAME`, `PARTITION_ORDINAL_POSITION`, `SUBPARTITION_ORDINAL_POSITION`, `PARTITION_METHOD`, `SUBPARTITION_METHOD`, `PARTITION_EXPRESSION`, `SUBPARTITION_EXPRESSION`, `PARTITION_DESCRIPTION`, `TABLE_ROWS`, `AVG_ROW_LENGTH`, `DATA_LENGTH`, `MAX_DATA_LENGTH`, `INDEX_LENGTH`, `DATA_FREE`, `CREATE_TIME`, `UPDATE_TIME`, `CHECK_TIME`, `CHECKSUM`, `PARTITION_COMMENT`, `NODEGROUP`, `TABLESPACE_NAME`) VALUES
('def', 'information_schema', 'CHARACTER_SETS', NULL, NULL, NULL, NULL, NULL, NULL, NULL, NULL, NULL, 0, 384, 0, 16434816, 0, 0, '2012-11-11 09:05:05', NULL, NULL, NULL, '', '', NULL),
('def', 'information_schema', 'COLLATIONS', NULL, NULL, NULL, NULL, NULL, NULL, NULL, NULL, NULL, 0, 231, 0, 16704765, 0, 0, '2012-11-11 09:05:05', NULL, NULL, NULL, '', '', NULL),
('def', 'information_schema', 'COLLATION_CHARACTER_SET_APPLICABILITY', NULL, NULL, NULL, NULL, NULL, NULL, NULL, NULL, NULL, 0, 195, 0, 16357770, 0, 0, '2012-11-11 09:05:05', NULL, NULL, NULL, '', '', NULL),
('def', 'information_schema', 'COLUMNS', NULL, NULL, NULL, NULL, NULL, NULL, NULL, NULL, NULL, 0, 0, 0, 281474976710655, 1024, 0, '2012-11-11 09:05:05', '2012-11-11 09:05:05', NULL, NULL, '', '', NULL),
('def', 'information_schema', 'COLUMN_PRIVILEGES', NULL, NULL, NULL, NULL, NULL, NULL, NULL, NULL, NULL, 0, 2565, 0, 16757145, 0, 0, '2012-11-11 09:05:05', NULL, NULL, NULL, '', '', NULL),
('def', 'information_schema', 'ENGINES', NULL, NULL, NULL, NULL, NULL, NULL, NULL, NULL, NULL, 0, 490, 0, 16574250, 0, 0, '2012-11-11 09:05:05', NULL, NULL, NULL, '', '', NULL),
('def', 'information_schema', 'EVENTS', NULL, NULL, NULL, NULL, NULL, NULL, NULL, NULL, NULL, 0, 0, 0, 281474976710655, 1024, 0, '2012-11-11 09:05:05', '2012-11-11 09:05:05', NULL, NULL, '', '', NULL),
('def', 'information_schema', 'FILES', NULL, NULL, NULL, NULL, NULL, NULL, NULL, NULL, NULL, 0, 2677, 0, 16758020, 0, 0, '2012-11-11 09:05:05', NULL, NULL, NULL, '', '', NULL),
('def', 'information_schema', 'GLOBAL_STATUS', NULL, NULL, NULL, NULL, NULL, NULL, NULL, NULL, NULL, 0, 3268, 0, 16755036, 0, 0, '2012-11-11 09:05:05', NULL, NULL, NULL, '', '', NULL),
('def', 'information_schema', 'GLOBAL_VARIABLES', NULL, NULL, NULL, NULL, NULL, NULL, NULL, NULL, NULL, 0, 3268, 0, 16755036, 0, 0, '2012-11-11 09:05:05', NULL, NULL, NULL, '', '', NULL),
('def', 'information_schema', 'KEY_COLUMN_USAGE', NULL, NULL, NULL, NULL, NULL, NULL, NULL, NULL, NULL, 0, 4637, 0, 16762755, 0, 0, '2012-11-11 09:05:05', NULL, NULL, NULL, '', '', NULL),
('def', 'information_schema', 'PARAMETERS', NULL, NULL, NULL, NULL, NULL, NULL, NULL, NULL, NULL, 0, 0, 0, 281474976710655, 1024, 0, '2012-11-11 09:05:05', '2012-11-11 09:05:05', NULL, NULL, '', '', NULL),
('def', 'information_schema', 'PARTITIONS', NULL, NULL, NULL, NULL, NULL, NULL, NULL, NULL, NULL, 0, 0, 0, 281474976710655, 1024, 0, '2012-11-11 09:05:05', '2012-11-11 09:05:05', NULL, NULL, '', '', NULL),
('def', 'information_schema', 'PLUGINS', NULL, NULL, NULL, NULL, NULL, NULL, NULL, NULL, NULL, 0, 0, 0, 281474976710655, 1024, 0, '2012-11-11 09:05:05', '2012-11-11 09:05:05', NULL, NULL, '', '', NULL),
('def', 'information_schema', 'PROCESSLIST', NULL, NULL, NULL, NULL, NULL, NULL, NULL, NULL, NULL, 0, 0, 0, 281474976710655, 1024, 0, '2012-11-11 09:05:05', '2012-11-11 09:05:05', NULL, NULL, '', '', NULL),
('def', 'information_schema', 'PROFILING', NULL, NULL, NULL, NULL, NULL, NULL, NULL, NULL, NULL, 0, 308, 0, 16562084, 0, 0, '2012-11-11 09:05:05', NULL, NULL, NULL, '', '', NULL),
('def', 'information_schema', 'REFERENTIAL_CONSTRAINTS', NULL, NULL, NULL, NULL, NULL, NULL, NULL, NULL, NULL, 0, 4814, 0, 16767162, 0, 0, '2012-11-11 09:05:05', NULL, NULL, NULL, '', '', NULL),
('def', 'information_schema', 'ROUTINES', NULL, NULL, NULL, NULL, NULL, NULL, NULL, NULL, NULL, 0, 0, 0, 281474976710655, 1024, 0, '2012-11-11 09:05:05', '2012-11-11 09:05:05', NULL, NULL, '', '', NULL),
('def', 'information_schema', 'SCHEMATA', NULL, NULL, NULL, NULL, NULL, NULL, NULL, NULL, NULL, 0, 3464, 0, 16738048, 0, 0, '2012-11-11 09:05:05', NULL, NULL, NULL, '', '', NULL),
('def', 'information_schema', 'SCHEMA_PRIVILEGES', NULL, NULL, NULL, NULL, NULL, NULL, NULL, NULL, NULL, 0, 2179, 0, 16736899, 0, 0, '2012-11-11 09:05:05', NULL, NULL, NULL, '', '', NULL),
('def', 'information_schema', 'SESSION_STATUS', NULL, NULL, NULL, NULL, NULL, NULL, NULL, NULL, NULL, 0, 3268, 0, 16755036, 0, 0, '2012-11-11 09:05:05', NULL, NULL, NULL, '', '', NULL),
('def', 'information_schema', 'SESSION_VARIABLES', NULL, NULL, NULL, NULL, NULL, NULL, NULL, NULL, NULL, 0, 3268, 0, 16755036, 0, 0, '2012-11-11 09:05:05', NULL, NULL, NULL, '', '', NULL),
('def', 'information_schema', 'STATISTICS', NULL, NULL, NULL, NULL, NULL, NULL, NULL, NULL, NULL, 0, 5753, 0, 16752736, 0, 0, '2012-11-11 09:05:05', NULL, NULL, NULL, '', '', NULL),
('def', 'information_schema', 'TABLES', NULL, NULL, NULL, NULL, NULL, NULL, NULL, NULL, NULL, 0, 9450, 0, 16764300, 0, 0, '2012-11-11 09:05:05', NULL, NULL, NULL, '', '', NULL),
('def', 'information_schema', 'TABLESPACES', NULL, NULL, NULL, NULL, NULL, NULL, NULL, NULL, NULL, 0, 6951, 0, 16772763, 0, 0, '2012-11-11 09:05:05', NULL, NULL, NULL, '', '', NULL),
('def', 'information_schema', 'TABLE_CONSTRAINTS', NULL, NULL, NULL, NULL, NULL, NULL, NULL, NULL, NULL, 0, 2504, 0, 16721712, 0, 0, '2012-11-11 09:05:05', NULL, NULL, NULL, '', '', NULL),
('def', 'information_schema', 'TABLE_PRIVILEGES', NULL, NULL, NULL, NULL, NULL, NULL, NULL, NULL, NULL, 0, 2372, 0, 16748692, 0, 0, '2012-11-11 09:05:05', NULL, NULL, NULL, '', '', NULL),
('def', 'information_schema', 'TRIGGERS', NULL, NULL, NULL, NULL, NULL, NULL, NULL, NULL, NULL, 0, 0, 0, 281474976710655, 1024, 0, '2012-11-11 09:05:05', '2012-11-11 09:05:05', NULL, NULL, '', '', NULL),
('def', 'information_schema', 'USER_PRIVILEGES', NULL, NULL, NULL, NULL, NULL, NULL, NULL, NULL, NULL, 0, 1986, 0, 16726092, 0, 0, '2012-11-11 09:05:05', NULL, NULL, NULL, '', '', NULL),
('def', 'information_schema', 'VIEWS', NULL, NULL, NULL, NULL, NULL, NULL, NULL, NULL, NULL, 0, 0, 0, 281474976710655, 1024, 0, '2012-11-11 09:05:05', '2012-11-11 09:05:05', NULL, NULL, '', '', NULL),
('def', 'information_schema', 'INNODB_BUFFER_PAGE', NULL, NULL, NULL, NULL, NULL, NULL, NULL, NULL, NULL, 0, 6852, 0, 16766844, 0, 0, '2012-11-11 09:05:05', NULL, NULL, NULL, '', '', NULL),
('def', 'information_schema', 'INNODB_TRX', NULL, NULL, NULL, NULL, NULL, NULL, NULL, NULL, NULL, 0, 4534, 0, 16766732, 0, 0, '2012-11-11 09:05:05', NULL, NULL, NULL, '', '', NULL),
('def', 'information_schema', 'INNODB_BUFFER_POOL_STATS', NULL, NULL, NULL, NULL, NULL, NULL, NULL, NULL, NULL, 0, 257, 0, 16332350, 0, 0, '2012-11-11 09:05:05', NULL, NULL, NULL, '', '', NULL),
('def', 'information_schema', 'INNODB_LOCK_WAITS', NULL, NULL, NULL, NULL, NULL, NULL, NULL, NULL, NULL, 0, 599, 0, 16749238, 0, 0, '2012-11-11 09:05:05', NULL, NULL, NULL, '', '', NULL),
('def', 'information_schema', 'INNODB_CMPMEM', NULL, NULL, NULL, NULL, NULL, NULL, NULL, NULL, NULL, 0, 29, 0, 15204352, 0, 0, '2012-11-11 09:05:05', NULL, NULL, NULL, '', '', NULL),
('def', 'information_schema', 'INNODB_CMP', NULL, NULL, NULL, NULL, NULL, NULL, NULL, NULL, NULL, 0, 25, 0, 13107200, 0, 0, '2012-11-11 09:05:05', NULL, NULL, NULL, '', '', NULL),
('def', 'information_schema', 'INNODB_LOCKS', NULL, NULL, NULL, NULL, NULL, NULL, NULL, NULL, NULL, 0, 31244, 0, 16746784, 0, 0, '2012-11-11 09:05:05', NULL, NULL, NULL, '', '', NULL),
('def', 'information_schema', 'INNODB_CMPMEM_RESET', NULL, NULL, NULL, NULL, NULL, NULL, NULL, NULL, NULL, 0, 29, 0, 15204352, 0, 0, '2012-11-11 09:05:05', NULL, NULL, NULL, '', '', NULL),
('def', 'information_schema', 'INNODB_CMP_RESET', NULL, NULL, NULL, NULL, NULL, NULL, NULL, NULL, NULL, 0, 25, 0, 13107200, 0, 0, '2012-11-11 09:05:05', NULL, NULL, NULL, '', '', NULL),
('def', 'information_schema', 'INNODB_BUFFER_PAGE_LRU', NULL, NULL, NULL, NULL, NULL, NULL, NULL, NULL, NULL, 0, 6669, 0, 16765866, 0, 0, '2012-11-11 09:05:05', NULL, NULL, NULL, '', '', NULL),
('def', 'devfest', 'hackers', NULL, NULL, NULL, NULL, NULL, NULL, NULL, NULL, NULL, 0, 0, 16384, NULL, 49152, 11534336, '2012-11-05 21:38:16', NULL, NULL, NULL, '', '', NULL),
('def', 'devfest', 'levels', NULL, NULL, NULL, NULL, NULL, NULL, NULL, NULL, NULL, 6, 10922, 65536, NULL, 0, 11534336, '2012-11-05 21:38:17', NULL, NULL, NULL, '', '', NULL);

-- --------------------------------------------------------

--
-- Table structure for table `PLUGINS`
--

CREATE TEMPORARY TABLE `PLUGINS` (
  `PLUGIN_NAME` varchar(64) NOT NULL DEFAULT '',
  `PLUGIN_VERSION` varchar(20) NOT NULL DEFAULT '',
  `PLUGIN_STATUS` varchar(10) NOT NULL DEFAULT '',
  `PLUGIN_TYPE` varchar(80) NOT NULL DEFAULT '',
  `PLUGIN_TYPE_VERSION` varchar(20) NOT NULL DEFAULT '',
  `PLUGIN_LIBRARY` varchar(64) DEFAULT NULL,
  `PLUGIN_LIBRARY_VERSION` varchar(20) DEFAULT NULL,
  `PLUGIN_AUTHOR` varchar(64) DEFAULT NULL,
  `PLUGIN_DESCRIPTION` longtext,
  `PLUGIN_LICENSE` varchar(80) DEFAULT NULL,
  `LOAD_OPTION` varchar(64) NOT NULL DEFAULT ''
) ENGINE=MyISAM DEFAULT CHARSET=utf8;

--
-- Dumping data for table `PLUGINS`
--

INSERT INTO `PLUGINS` (`PLUGIN_NAME`, `PLUGIN_VERSION`, `PLUGIN_STATUS`, `PLUGIN_TYPE`, `PLUGIN_TYPE_VERSION`, `PLUGIN_LIBRARY`, `PLUGIN_LIBRARY_VERSION`, `PLUGIN_AUTHOR`, `PLUGIN_DESCRIPTION`, `PLUGIN_LICENSE`, `LOAD_OPTION`) VALUES
('binlog', '1.0', 'ACTIVE', 'STORAGE ENGINE', '50528.0', NULL, NULL, 'MySQL AB', 'This is a pseudo storage engine to represent the binlog in a transaction', 'GPL', 'FORCE'),
('mysql_native_password', '1.0', 'ACTIVE', 'AUTHENTICATION', '1.0', NULL, NULL, 'R.J.Silk, Sergei Golubchik', 'Native MySQL authentication', 'GPL', 'FORCE'),
('mysql_old_password', '1.0', 'ACTIVE', 'AUTHENTICATION', '1.0', NULL, NULL, 'R.J.Silk, Sergei Golubchik', 'Old MySQL-4.0 authentication', 'GPL', 'FORCE'),
('CSV', '1.0', 'ACTIVE', 'STORAGE ENGINE', '50528.0', NULL, NULL, 'Brian Aker, MySQL AB', 'CSV storage engine', 'GPL', 'FORCE'),
('MEMORY', '1.0', 'ACTIVE', 'STORAGE ENGINE', '50528.0', NULL, NULL, 'MySQL AB', 'Hash based, stored in memory, useful for temporary tables', 'GPL', 'FORCE'),
('MyISAM', '1.0', 'ACTIVE', 'STORAGE ENGINE', '50528.0', NULL, NULL, 'MySQL AB', 'MyISAM storage engine', 'GPL', 'FORCE'),
('MRG_MYISAM', '1.0', 'ACTIVE', 'STORAGE ENGINE', '50528.0', NULL, NULL, 'MySQL AB', 'Collection of identical MyISAM tables', 'GPL', 'FORCE'),
('ARCHIVE', '3.0', 'ACTIVE', 'STORAGE ENGINE', '50528.0', NULL, NULL, 'Brian Aker, MySQL AB', 'Archive storage engine', 'GPL', 'ON'),
('BLACKHOLE', '1.0', 'ACTIVE', 'STORAGE ENGINE', '50528.0', NULL, NULL, 'MySQL AB', '/dev/null storage engine (anything you write to it disappears)', 'GPL', 'ON'),
('FEDERATED', '1.0', 'DISABLED', 'STORAGE ENGINE', '50528.0', NULL, NULL, 'Patrick Galbraith and Brian Aker, MySQL AB', 'Federated MySQL storage engine', 'GPL', 'OFF'),
('InnoDB', '1.1', 'ACTIVE', 'STORAGE ENGINE', '50528.0', NULL, NULL, 'Oracle Corporation', 'Supports transactions, row-level locking, and foreign keys', 'GPL', 'ON'),
('INNODB_TRX', '1.1', 'ACTIVE', 'INFORMATION SCHEMA', '50528.0', NULL, NULL, 'Oracle Corporation', 'InnoDB transactions', 'GPL', 'ON'),
('INNODB_LOCKS', '1.1', 'ACTIVE', 'INFORMATION SCHEMA', '50528.0', NULL, NULL, 'Oracle Corporation', 'InnoDB conflicting locks', 'GPL', 'ON'),
('INNODB_LOCK_WAITS', '1.1', 'ACTIVE', 'INFORMATION SCHEMA', '50528.0', NULL, NULL, 'Oracle Corporation', 'InnoDB which lock is blocking which', 'GPL', 'ON'),
('INNODB_CMP', '1.1', 'ACTIVE', 'INFORMATION SCHEMA', '50528.0', NULL, NULL, 'Oracle Corporation', 'Statistics for the InnoDB compression', 'GPL', 'ON'),
('INNODB_CMP_RESET', '1.1', 'ACTIVE', 'INFORMATION SCHEMA', '50528.0', NULL, NULL, 'Oracle Corporation', 'Statistics for the InnoDB compression; reset cumulated counts', 'GPL', 'ON'),
('INNODB_CMPMEM', '1.1', 'ACTIVE', 'INFORMATION SCHEMA', '50528.0', NULL, NULL, 'Oracle Corporation', 'Statistics for the InnoDB compressed buffer pool', 'GPL', 'ON'),
('INNODB_CMPMEM_RESET', '1.1', 'ACTIVE', 'INFORMATION SCHEMA', '50528.0', NULL, NULL, 'Oracle Corporation', 'Statistics for the InnoDB compressed buffer pool; reset cumulated counts', 'GPL', 'ON'),
('INNODB_BUFFER_PAGE', '1.1', 'ACTIVE', 'INFORMATION SCHEMA', '50528.0', NULL, NULL, 'Oracle Corporation', 'InnoDB Buffer Page Information', 'GPL', 'ON'),
('INNODB_BUFFER_PAGE_LRU', '1.1', 'ACTIVE', 'INFORMATION SCHEMA', '50528.0', NULL, NULL, 'Oracle Corporation', 'InnoDB Buffer Page in LRU', 'GPL', 'ON'),
('INNODB_BUFFER_POOL_STATS', '1.1', 'ACTIVE', 'INFORMATION SCHEMA', '50528.0', NULL, NULL, 'Oracle Corporation', 'InnoDB Buffer Pool Statistics Information ', 'GPL', 'ON'),
('PERFORMANCE_SCHEMA', '0.1', 'ACTIVE', 'STORAGE ENGINE', '50528.0', NULL, NULL, 'Marc Alff, Oracle', 'Performance Schema', 'GPL', 'FORCE'),
('partition', '1.0', 'ACTIVE', 'STORAGE ENGINE', '50528.0', NULL, NULL, 'Mikael Ronstrom, MySQL AB', 'Partition Storage Engine Helper', 'GPL', 'ON');

-- --------------------------------------------------------

--
-- Table structure for table `PROCESSLIST`
--

CREATE TEMPORARY TABLE `PROCESSLIST` (
  `ID` bigint(4) NOT NULL DEFAULT '0',
  `USER` varchar(16) NOT NULL DEFAULT '',
  `HOST` varchar(64) NOT NULL DEFAULT '',
  `DB` varchar(64) DEFAULT NULL,
  `COMMAND` varchar(16) NOT NULL DEFAULT '',
  `TIME` int(7) NOT NULL DEFAULT '0',
  `STATE` varchar(64) DEFAULT NULL,
  `INFO` longtext
) ENGINE=MyISAM DEFAULT CHARSET=utf8;

--
-- Dumping data for table `PROCESSLIST`
--

INSERT INTO `PROCESSLIST` (`ID`, `USER`, `HOST`, `DB`, `COMMAND`, `TIME`, `STATE`, `INFO`) VALUES
(13096, 'gug', 'localhost:59328', 'devfest', 'Query', 0, 'executing', 'SELECT * FROM `information_schema`.`PROCESSLIST`');

-- --------------------------------------------------------

--
-- Table structure for table `PROFILING`
--

CREATE TEMPORARY TABLE `PROFILING` (
  `QUERY_ID` int(20) NOT NULL DEFAULT '0',
  `SEQ` int(20) NOT NULL DEFAULT '0',
  `STATE` varchar(30) NOT NULL DEFAULT '',
  `DURATION` decimal(9,6) NOT NULL DEFAULT '0.000000',
  `CPU_USER` decimal(9,6) DEFAULT NULL,
  `CPU_SYSTEM` decimal(9,6) DEFAULT NULL,
  `CONTEXT_VOLUNTARY` int(20) DEFAULT NULL,
  `CONTEXT_INVOLUNTARY` int(20) DEFAULT NULL,
  `BLOCK_OPS_IN` int(20) DEFAULT NULL,
  `BLOCK_OPS_OUT` int(20) DEFAULT NULL,
  `MESSAGES_SENT` int(20) DEFAULT NULL,
  `MESSAGES_RECEIVED` int(20) DEFAULT NULL,
  `PAGE_FAULTS_MAJOR` int(20) DEFAULT NULL,
  `PAGE_FAULTS_MINOR` int(20) DEFAULT NULL,
  `SWAPS` int(20) DEFAULT NULL,
  `SOURCE_FUNCTION` varchar(30) DEFAULT NULL,
  `SOURCE_FILE` varchar(20) DEFAULT NULL,
  `SOURCE_LINE` int(20) DEFAULT NULL
) ENGINE=MEMORY DEFAULT CHARSET=utf8;

-- --------------------------------------------------------

--
-- Table structure for table `REFERENTIAL_CONSTRAINTS`
--

CREATE TEMPORARY TABLE `REFERENTIAL_CONSTRAINTS` (
  `CONSTRAINT_CATALOG` varchar(512) NOT NULL DEFAULT '',
  `CONSTRAINT_SCHEMA` varchar(64) NOT NULL DEFAULT '',
  `CONSTRAINT_NAME` varchar(64) NOT NULL DEFAULT '',
  `UNIQUE_CONSTRAINT_CATALOG` varchar(512) NOT NULL DEFAULT '',
  `UNIQUE_CONSTRAINT_SCHEMA` varchar(64) NOT NULL DEFAULT '',
  `UNIQUE_CONSTRAINT_NAME` varchar(64) DEFAULT NULL,
  `MATCH_OPTION` varchar(64) NOT NULL DEFAULT '',
  `UPDATE_RULE` varchar(64) NOT NULL DEFAULT '',
  `DELETE_RULE` varchar(64) NOT NULL DEFAULT '',
  `TABLE_NAME` varchar(64) NOT NULL DEFAULT '',
  `REFERENCED_TABLE_NAME` varchar(64) NOT NULL DEFAULT ''
) ENGINE=MEMORY DEFAULT CHARSET=utf8;

-- --------------------------------------------------------

--
-- Table structure for table `ROUTINES`
--

CREATE TEMPORARY TABLE `ROUTINES` (
  `SPECIFIC_NAME` varchar(64) NOT NULL DEFAULT '',
  `ROUTINE_CATALOG` varchar(512) NOT NULL DEFAULT '',
  `ROUTINE_SCHEMA` varchar(64) NOT NULL DEFAULT '',
  `ROUTINE_NAME` varchar(64) NOT NULL DEFAULT '',
  `ROUTINE_TYPE` varchar(9) NOT NULL DEFAULT '',
  `DATA_TYPE` varchar(64) NOT NULL DEFAULT '',
  `CHARACTER_MAXIMUM_LENGTH` int(21) DEFAULT NULL,
  `CHARACTER_OCTET_LENGTH` int(21) DEFAULT NULL,
  `NUMERIC_PRECISION` int(21) DEFAULT NULL,
  `NUMERIC_SCALE` int(21) DEFAULT NULL,
  `CHARACTER_SET_NAME` varchar(64) DEFAULT NULL,
  `COLLATION_NAME` varchar(64) DEFAULT NULL,
  `DTD_IDENTIFIER` longtext,
  `ROUTINE_BODY` varchar(8) NOT NULL DEFAULT '',
  `ROUTINE_DEFINITION` longtext,
  `EXTERNAL_NAME` varchar(64) DEFAULT NULL,
  `EXTERNAL_LANGUAGE` varchar(64) DEFAULT NULL,
  `PARAMETER_STYLE` varchar(8) NOT NULL DEFAULT '',
  `IS_DETERMINISTIC` varchar(3) NOT NULL DEFAULT '',
  `SQL_DATA_ACCESS` varchar(64) NOT NULL DEFAULT '',
  `SQL_PATH` varchar(64) DEFAULT NULL,
  `SECURITY_TYPE` varchar(7) NOT NULL DEFAULT '',
  `CREATED` datetime NOT NULL DEFAULT '0000-00-00 00:00:00',
  `LAST_ALTERED` datetime NOT NULL DEFAULT '0000-00-00 00:00:00',
  `SQL_MODE` varchar(8192) NOT NULL DEFAULT '',
  `ROUTINE_COMMENT` longtext NOT NULL,
  `DEFINER` varchar(77) NOT NULL DEFAULT '',
  `CHARACTER_SET_CLIENT` varchar(32) NOT NULL DEFAULT '',
  `COLLATION_CONNECTION` varchar(32) NOT NULL DEFAULT '',
  `DATABASE_COLLATION` varchar(32) NOT NULL DEFAULT ''
) ENGINE=MyISAM DEFAULT CHARSET=utf8;

-- --------------------------------------------------------

--
-- Table structure for table `SCHEMATA`
--

CREATE TEMPORARY TABLE `SCHEMATA` (
  `CATALOG_NAME` varchar(512) NOT NULL DEFAULT '',
  `SCHEMA_NAME` varchar(64) NOT NULL DEFAULT '',
  `DEFAULT_CHARACTER_SET_NAME` varchar(32) NOT NULL DEFAULT '',
  `DEFAULT_COLLATION_NAME` varchar(32) NOT NULL DEFAULT '',
  `SQL_PATH` varchar(512) DEFAULT NULL
) ENGINE=MEMORY DEFAULT CHARSET=utf8;

--
-- Dumping data for table `SCHEMATA`
--

INSERT INTO `SCHEMATA` (`CATALOG_NAME`, `SCHEMA_NAME`, `DEFAULT_CHARACTER_SET_NAME`, `DEFAULT_COLLATION_NAME`, `SQL_PATH`) VALUES
('def', 'information_schema', 'utf8', 'utf8_general_ci', NULL),
('def', 'devfest', 'utf8', 'utf8_general_ci', NULL);

-- --------------------------------------------------------

--
-- Table structure for table `SCHEMA_PRIVILEGES`
--

CREATE TEMPORARY TABLE `SCHEMA_PRIVILEGES` (
  `GRANTEE` varchar(81) NOT NULL DEFAULT '',
  `TABLE_CATALOG` varchar(512) NOT NULL DEFAULT '',
  `TABLE_SCHEMA` varchar(64) NOT NULL DEFAULT '',
  `PRIVILEGE_TYPE` varchar(64) NOT NULL DEFAULT '',
  `IS_GRANTABLE` varchar(3) NOT NULL DEFAULT ''
) ENGINE=MEMORY DEFAULT CHARSET=utf8;

--
-- Dumping data for table `SCHEMA_PRIVILEGES`
--

INSERT INTO `SCHEMA_PRIVILEGES` (`GRANTEE`, `TABLE_CATALOG`, `TABLE_SCHEMA`, `PRIVILEGE_TYPE`, `IS_GRANTABLE`) VALUES
('''gug''@''localhost''', 'def', 'devfest', 'SELECT', 'NO'),
('''gug''@''localhost''', 'def', 'devfest', 'INSERT', 'NO'),
('''gug''@''localhost''', 'def', 'devfest', 'UPDATE', 'NO'),
('''gug''@''localhost''', 'def', 'devfest', 'DELETE', 'NO'),
('''gug''@''localhost''', 'def', 'devfest', 'CREATE', 'NO'),
('''gug''@''localhost''', 'def', 'devfest', 'DROP', 'NO'),
('''gug''@''localhost''', 'def', 'devfest', 'REFERENCES', 'NO'),
('''gug''@''localhost''', 'def', 'devfest', 'INDEX', 'NO'),
('''gug''@''localhost''', 'def', 'devfest', 'ALTER', 'NO'),
('''gug''@''localhost''', 'def', 'devfest', 'CREATE TEMPORARY TABLES', 'NO'),
('''gug''@''localhost''', 'def', 'devfest', 'LOCK TABLES', 'NO'),
('''gug''@''localhost''', 'def', 'devfest', 'EXECUTE', 'NO'),
('''gug''@''localhost''', 'def', 'devfest', 'CREATE VIEW', 'NO'),
('''gug''@''localhost''', 'def', 'devfest', 'SHOW VIEW', 'NO'),
('''gug''@''localhost''', 'def', 'devfest', 'CREATE ROUTINE', 'NO'),
('''gug''@''localhost''', 'def', 'devfest', 'ALTER ROUTINE', 'NO'),
('''gug''@''localhost''', 'def', 'devfest', 'EVENT', 'NO'),
('''gug''@''localhost''', 'def', 'devfest', 'TRIGGER', 'NO');

-- --------------------------------------------------------

--
-- Table structure for table `SESSION_STATUS`
--

CREATE TEMPORARY TABLE `SESSION_STATUS` (
  `VARIABLE_NAME` varchar(64) NOT NULL DEFAULT '',
  `VARIABLE_VALUE` varchar(1024) DEFAULT NULL
) ENGINE=MEMORY DEFAULT CHARSET=utf8;

--
-- Dumping data for table `SESSION_STATUS`
--

INSERT INTO `SESSION_STATUS` (`VARIABLE_NAME`, `VARIABLE_VALUE`) VALUES
('ABORTED_CLIENTS', '3'),
('ABORTED_CONNECTS', '11'),
('BINLOG_CACHE_DISK_USE', '0'),
('BINLOG_CACHE_USE', '0'),
('BINLOG_STMT_CACHE_DISK_USE', '0'),
('BINLOG_STMT_CACHE_USE', '0'),
('BYTES_RECEIVED', '8417'),
('BYTES_SENT', '281205'),
('COM_ADMIN_COMMANDS', '0'),
('COM_ASSIGN_TO_KEYCACHE', '0'),
('COM_ALTER_DB', '0'),
('COM_ALTER_DB_UPGRADE', '0'),
('COM_ALTER_EVENT', '0'),
('COM_ALTER_FUNCTION', '0'),
('COM_ALTER_PROCEDURE', '0'),
('COM_ALTER_SERVER', '0'),
('COM_ALTER_TABLE', '0'),
('COM_ALTER_TABLESPACE', '0'),
('COM_ANALYZE', '0'),
('COM_BEGIN', '0'),
('COM_BINLOG', '0'),
('COM_CALL_PROCEDURE', '0'),
('COM_CHANGE_DB', '2'),
('COM_CHANGE_MASTER', '0'),
('COM_CHECK', '0'),
('COM_CHECKSUM', '0'),
('COM_COMMIT', '0'),
('COM_CREATE_DB', '0'),
('COM_CREATE_EVENT', '0'),
('COM_CREATE_FUNCTION', '0'),
('COM_CREATE_INDEX', '0'),
('COM_CREATE_PROCEDURE', '0'),
('COM_CREATE_SERVER', '0'),
('COM_CREATE_TABLE', '0'),
('COM_CREATE_TRIGGER', '0'),
('COM_CREATE_UDF', '0'),
('COM_CREATE_USER', '0'),
('COM_CREATE_VIEW', '0'),
('COM_DEALLOC_SQL', '0'),
('COM_DELETE', '0'),
('COM_DELETE_MULTI', '0'),
('COM_DO', '0'),
('COM_DROP_DB', '0'),
('COM_DROP_EVENT', '0'),
('COM_DROP_FUNCTION', '0'),
('COM_DROP_INDEX', '0'),
('COM_DROP_PROCEDURE', '0'),
('COM_DROP_SERVER', '0'),
('COM_DROP_TABLE', '0'),
('COM_DROP_TRIGGER', '0'),
('COM_DROP_USER', '0'),
('COM_DROP_VIEW', '0'),
('COM_EMPTY_QUERY', '0'),
('COM_EXECUTE_SQL', '0'),
('COM_FLUSH', '0'),
('COM_GRANT', '0'),
('COM_HA_CLOSE', '0'),
('COM_HA_OPEN', '0'),
('COM_HA_READ', '0'),
('COM_HELP', '0'),
('COM_INSERT', '0'),
('COM_INSERT_SELECT', '0'),
('COM_INSTALL_PLUGIN', '0'),
('COM_KILL', '0'),
('COM_LOAD', '0'),
('COM_LOCK_TABLES', '0'),
('COM_OPTIMIZE', '0'),
('COM_PRELOAD_KEYS', '0'),
('COM_PREPARE_SQL', '0'),
('COM_PURGE', '0'),
('COM_PURGE_BEFORE_DATE', '0'),
('COM_RELEASE_SAVEPOINT', '0'),
('COM_RENAME_TABLE', '0'),
('COM_RENAME_USER', '0'),
('COM_REPAIR', '0'),
('COM_REPLACE', '0'),
('COM_REPLACE_SELECT', '0'),
('COM_RESET', '0'),
('COM_RESIGNAL', '0'),
('COM_REVOKE', '0'),
('COM_REVOKE_ALL', '0'),
('COM_ROLLBACK', '0'),
('COM_ROLLBACK_TO_SAVEPOINT', '0'),
('COM_SAVEPOINT', '0'),
('COM_SELECT', '25'),
('COM_SET_OPTION', '27'),
('COM_SIGNAL', '0'),
('COM_SHOW_AUTHORS', '0'),
('COM_SHOW_BINLOG_EVENTS', '0'),
('COM_SHOW_BINLOGS', '0'),
('COM_SHOW_CHARSETS', '0'),
('COM_SHOW_COLLATIONS', '0'),
('COM_SHOW_CONTRIBUTORS', '0'),
('COM_SHOW_CREATE_DB', '0'),
('COM_SHOW_CREATE_EVENT', '0'),
('COM_SHOW_CREATE_FUNC', '0'),
('COM_SHOW_CREATE_PROC', '0'),
('COM_SHOW_CREATE_TABLE', '23'),
('COM_SHOW_CREATE_TRIGGER', '0'),
('COM_SHOW_DATABASES', '1'),
('COM_SHOW_ENGINE_LOGS', '0'),
('COM_SHOW_ENGINE_MUTEX', '0'),
('COM_SHOW_ENGINE_STATUS', '0'),
('COM_SHOW_EVENTS', '0'),
('COM_SHOW_ERRORS', '0'),
('COM_SHOW_FIELDS', '0'),
('COM_SHOW_FUNCTION_STATUS', '2'),
('COM_SHOW_GRANTS', '0'),
('COM_SHOW_KEYS', '0'),
('COM_SHOW_MASTER_STATUS', '0'),
('COM_SHOW_OPEN_TABLES', '0'),
('COM_SHOW_PLUGINS', '0'),
('COM_SHOW_PRIVILEGES', '0'),
('COM_SHOW_PROCEDURE_STATUS', '2'),
('COM_SHOW_PROCESSLIST', '0'),
('COM_SHOW_PROFILE', '0'),
('COM_SHOW_PROFILES', '0'),
('COM_SHOW_RELAYLOG_EVENTS', '0'),
('COM_SHOW_SLAVE_HOSTS', '0'),
('COM_SHOW_SLAVE_STATUS', '0'),
('COM_SHOW_STATUS', '0'),
('COM_SHOW_STORAGE_ENGINES', '0'),
('COM_SHOW_TABLE_STATUS', '46'),
('COM_SHOW_TABLES', '2'),
('COM_SHOW_TRIGGERS', '22'),
('COM_SHOW_VARIABLES', '1'),
('COM_SHOW_WARNINGS', '0'),
('COM_SLAVE_START', '0'),
('COM_SLAVE_STOP', '0'),
('COM_STMT_CLOSE', '0'),
('COM_STMT_EXECUTE', '0'),
('COM_STMT_FETCH', '0'),
('COM_STMT_PREPARE', '0'),
('COM_STMT_REPREPARE', '0'),
('COM_STMT_RESET', '0'),
('COM_STMT_SEND_LONG_DATA', '0'),
('COM_TRUNCATE', '0'),
('COM_UNINSTALL_PLUGIN', '0'),
('COM_UNLOCK_TABLES', '0'),
('COM_UPDATE', '0'),
('COM_UPDATE_MULTI', '0'),
('COM_XA_COMMIT', '0'),
('COM_XA_END', '0'),
('COM_XA_PREPARE', '0'),
('COM_XA_RECOVER', '0'),
('COM_XA_ROLLBACK', '0'),
('COM_XA_START', '0'),
('COMPRESSION', 'OFF'),
('CONNECTIONS', '13097'),
('CREATED_TMP_DISK_TABLES', '98'),
('CREATED_TMP_FILES', '53'),
('CREATED_TMP_TABLES', '341'),
('DELAYED_ERRORS', '0'),
('DELAYED_INSERT_THREADS', '0'),
('DELAYED_WRITES', '0'),
('FLUSH_COMMANDS', '1'),
('HANDLER_COMMIT', '2'),
('HANDLER_DELETE', '0'),
('HANDLER_DISCOVER', '0'),
('HANDLER_PREPARE', '0'),
('HANDLER_READ_FIRST', '8'),
('HANDLER_READ_KEY', '2'),
('HANDLER_READ_LAST', '0'),
('HANDLER_READ_NEXT', '0'),
('HANDLER_READ_PREV', '0'),
('HANDLER_READ_RND', '0'),
('HANDLER_READ_RND_NEXT', '1854'),
('HANDLER_ROLLBACK', '0'),
('HANDLER_SAVEPOINT', '0'),
('HANDLER_SAVEPOINT_ROLLBACK', '0'),
('HANDLER_UPDATE', '0'),
('HANDLER_WRITE', '1916'),
('INNODB_BUFFER_POOL_PAGES_DATA', '1071'),
('INNODB_BUFFER_POOL_PAGES_DIRTY', '0'),
('INNODB_BUFFER_POOL_PAGES_FLUSHED', '30989'),
('INNODB_BUFFER_POOL_PAGES_FREE', '34954'),
('INNODB_BUFFER_POOL_PAGES_MISC', '7'),
('INNODB_BUFFER_POOL_PAGES_TOTAL', '36032'),
('INNODB_BUFFER_POOL_READ_AHEAD_RND', '0'),
('INNODB_BUFFER_POOL_READ_AHEAD', '0'),
('INNODB_BUFFER_POOL_READ_AHEAD_EVICTED', '0'),
('INNODB_BUFFER_POOL_READ_REQUESTS', '7625201'),
('INNODB_BUFFER_POOL_READS', '952'),
('INNODB_BUFFER_POOL_WAIT_FREE', '0'),
('INNODB_BUFFER_POOL_WRITE_REQUESTS', '216613'),
('INNODB_DATA_FSYNCS', '51249'),
('INNODB_DATA_PENDING_FSYNCS', '0'),
('INNODB_DATA_PENDING_READS', '0'),
('INNODB_DATA_PENDING_WRITES', '0'),
('INNODB_DATA_READ', '17780736'),
('INNODB_DATA_READS', '962'),
('INNODB_DATA_WRITES', '80255'),
('INNODB_DATA_WRITTEN', '1050459648'),
('INNODB_DBLWR_PAGES_WRITTEN', '30989'),
('INNODB_DBLWR_WRITES', '2104'),
('INNODB_HAVE_ATOMIC_BUILTINS', 'ON'),
('INNODB_LOG_WAITS', '0'),
('INNODB_LOG_WRITE_REQUESTS', '22351'),
('INNODB_LOG_WRITES', '45722'),
('INNODB_OS_LOG_FSYNCS', '47080'),
('INNODB_OS_LOG_PENDING_FSYNCS', '0'),
('INNODB_OS_LOG_PENDING_WRITES', '0'),
('INNODB_OS_LOG_WRITTEN', '34316800'),
('INNODB_PAGE_SIZE', '16384'),
('INNODB_PAGES_CREATED', '120'),
('INNODB_PAGES_READ', '951'),
('INNODB_PAGES_WRITTEN', '30989'),
('INNODB_ROW_LOCK_CURRENT_WAITS', '0'),
('INNODB_ROW_LOCK_TIME', '0'),
('INNODB_ROW_LOCK_TIME_AVG', '0'),
('INNODB_ROW_LOCK_TIME_MAX', '0'),
('INNODB_ROW_LOCK_WAITS', '1'),
('INNODB_ROWS_DELETED', '1269'),
('INNODB_ROWS_INSERTED', '41346'),
('INNODB_ROWS_READ', '6922260'),
('INNODB_ROWS_UPDATED', '4975'),
('INNODB_TRUNCATED_STATUS_WRITES', '0'),
('KEY_BLOCKS_NOT_FLUSHED', '0'),
('KEY_BLOCKS_UNUSED', '243299'),
('KEY_BLOCKS_USED', '161'),
('KEY_READ_REQUESTS', '646456'),
('KEY_READS', '21641'),
('KEY_WRITE_REQUESTS', '10399'),
('KEY_WRITES', '6417'),
('LAST_QUERY_COST', '10.499000'),
('MAX_USED_CONNECTIONS', '6'),
('NOT_FLUSHED_DELAYED_ROWS', '0'),
('OPEN_FILES', '4'),
('OPEN_STREAMS', '0'),
('OPEN_TABLE_DEFINITIONS', '260'),
('OPEN_TABLES', '4'),
('OPENED_FILES', '8168'),
('OPENED_TABLE_DEFINITIONS', '0'),
('OPENED_TABLES', '6'),
('PERFORMANCE_SCHEMA_COND_CLASSES_LOST', '0'),
('PERFORMANCE_SCHEMA_COND_INSTANCES_LOST', '0'),
('PERFORMANCE_SCHEMA_FILE_CLASSES_LOST', '0'),
('PERFORMANCE_SCHEMA_FILE_HANDLES_LOST', '0'),
('PERFORMANCE_SCHEMA_FILE_INSTANCES_LOST', '0'),
('PERFORMANCE_SCHEMA_LOCKER_LOST', '0'),
('PERFORMANCE_SCHEMA_MUTEX_CLASSES_LOST', '0'),
('PERFORMANCE_SCHEMA_MUTEX_INSTANCES_LOST', '0'),
('PERFORMANCE_SCHEMA_RWLOCK_CLASSES_LOST', '0'),
('PERFORMANCE_SCHEMA_RWLOCK_INSTANCES_LOST', '0'),
('PERFORMANCE_SCHEMA_TABLE_HANDLES_LOST', '0'),
('PERFORMANCE_SCHEMA_TABLE_INSTANCES_LOST', '0'),
('PERFORMANCE_SCHEMA_THREAD_CLASSES_LOST', '0'),
('PERFORMANCE_SCHEMA_THREAD_INSTANCES_LOST', '0'),
('PREPARED_STMT_COUNT', '0'),
('QCACHE_FREE_BLOCKS', '935'),
('QCACHE_FREE_MEMORY', '183841632'),
('QCACHE_HITS', '135150'),
('QCACHE_INSERTS', '30492'),
('QCACHE_LOWMEM_PRUNES', '0'),
('QCACHE_NOT_CACHED', '3980'),
('QCACHE_QUERIES_IN_CACHE', '6735'),
('QCACHE_TOTAL_BLOCKS', '14613'),
('QUERIES', '296914'),
('QUESTIONS', '153'),
('RPL_STATUS', 'AUTH_MASTER'),
('SELECT_FULL_JOIN', '0'),
('SELECT_FULL_RANGE_JOIN', '0'),
('SELECT_RANGE', '0'),
('SELECT_RANGE_CHECK', '0'),
('SELECT_SCAN', '100'),
('SLAVE_HEARTBEAT_PERIOD', '0.000'),
('SLAVE_OPEN_TEMP_TABLES', '0'),
('SLAVE_RECEIVED_HEARTBEATS', '0'),
('SLAVE_RETRIED_TRANSACTIONS', '0'),
('SLAVE_RUNNING', 'OFF'),
('SLOW_LAUNCH_THREADS', '0'),
('SLOW_QUERIES', '0'),
('SORT_MERGE_PASSES', '0'),
('SORT_RANGE', '0'),
('SORT_ROWS', '0'),
('SORT_SCAN', '0'),
('SSL_ACCEPT_RENEGOTIATES', '0'),
('SSL_ACCEPTS', '0'),
('SSL_CALLBACK_CACHE_HITS', '0'),
('SSL_CIPHER', ''),
('SSL_CIPHER_LIST', ''),
('SSL_CLIENT_CONNECTS', '0'),
('SSL_CONNECT_RENEGOTIATES', '0'),
('SSL_CTX_VERIFY_DEPTH', '0'),
('SSL_CTX_VERIFY_MODE', '0'),
('SSL_DEFAULT_TIMEOUT', '0'),
('SSL_FINISHED_ACCEPTS', '0'),
('SSL_FINISHED_CONNECTS', '0'),
('SSL_SESSION_CACHE_HITS', '0'),
('SSL_SESSION_CACHE_MISSES', '0'),
('SSL_SESSION_CACHE_MODE', 'NONE'),
('SSL_SESSION_CACHE_OVERFLOWS', '0'),
('SSL_SESSION_CACHE_SIZE', '0'),
('SSL_SESSION_CACHE_TIMEOUTS', '0'),
('SSL_SESSIONS_REUSED', '0'),
('SSL_USED_SESSION_CACHE_ENTRIES', '0'),
('SSL_VERIFY_DEPTH', '0'),
('SSL_VERIFY_MODE', '0'),
('SSL_VERSION', ''),
('TABLE_LOCKS_IMMEDIATE', '119276'),
('TABLE_LOCKS_WAITED', '2'),
('TC_LOG_MAX_PAGES_USED', '0'),
('TC_LOG_PAGE_SIZE', '0'),
('TC_LOG_PAGE_WAITS', '0'),
('THREADS_CACHED', '5'),
('THREADS_CONNECTED', '1'),
('THREADS_CREATED', '6'),
('THREADS_RUNNING', '1'),
('UPTIME', '851464'),
('UPTIME_SINCE_FLUSH_STATUS', '851464');

-- --------------------------------------------------------

--
-- Table structure for table `SESSION_VARIABLES`
--

CREATE TEMPORARY TABLE `SESSION_VARIABLES` (
  `VARIABLE_NAME` varchar(64) NOT NULL DEFAULT '',
  `VARIABLE_VALUE` varchar(1024) DEFAULT NULL
) ENGINE=MEMORY DEFAULT CHARSET=utf8;

--
-- Dumping data for table `SESSION_VARIABLES`
--

INSERT INTO `SESSION_VARIABLES` (`VARIABLE_NAME`, `VARIABLE_VALUE`) VALUES
('MAX_PREPARED_STMT_COUNT', '16382'),
('SYNC_MASTER_INFO', '0'),
('HAVE_CRYPT', 'NO'),
('PERFORMANCE_SCHEMA_EVENTS_WAITS_HISTORY_LONG_SIZE', '10000'),
('INNODB_VERSION', '1.1.8'),
('FLUSH_TIME', '1800'),
('MAX_ERROR_COUNT', '64'),
('PERFORMANCE_SCHEMA_MAX_COND_INSTANCES', '1000'),
('VERSION_COMPILE_OS', 'Win64'),
('MAX_BINLOG_SIZE', '1073741824'),
('JOIN_BUFFER_SIZE', '131072'),
('MAX_WRITE_LOCK_COUNT', '4294967295'),
('DELAYED_INSERT_TIMEOUT', '300'),
('PERFORMANCE_SCHEMA_MAX_MUTEX_INSTANCES', '1000000'),
('RELAY_LOG', ''),
('PERFORMANCE_SCHEMA_MAX_RWLOCK_INSTANCES', '1000000'),
('PLUGIN_DIR', 'C:\\Program Files\\MySQL\\MySQL Server 5.5\\lib\\plugin\\'),
('PERFORMANCE_SCHEMA_MAX_RWLOCK_CLASSES', '30'),
('BASEDIR', 'C:/Program Files/MySQL/MySQL Server 5.5/'),
('PERFORMANCE_SCHEMA_MAX_MUTEX_CLASSES', '200'),
('UPDATABLE_VIEWS_WITH_LIMIT', 'YES'),
('BACK_LOG', '50'),
('SLOW_LAUNCH_TIME', '2'),
('EVENT_SCHEDULER', 'OFF'),
('TX_ISOLATION', 'REPEATABLE-READ'),
('INIT_SLAVE', ''),
('RELAY_LOG_INDEX', ''),
('FT_STOPWORD_FILE', '(built-in)'),
('SQL_QUOTE_SHOW_CREATE', 'ON'),
('PERFORMANCE_SCHEMA', 'OFF'),
('MAX_LENGTH_FOR_SORT_DATA', '1024'),
('MAX_SEEKS_FOR_KEY', '4294967295'),
('WAIT_TIMEOUT', '28800'),
('LONG_QUERY_TIME', '10.000000'),
('PERFORMANCE_SCHEMA_MAX_TABLE_HANDLES', '100000'),
('CHARACTER_SETS_DIR', 'C:\\Program Files\\MySQL\\MySQL Server 5.5\\share\\charsets\\'),
('BINLOG_FORMAT', 'STATEMENT'),
('PROXY_USER', ''),
('REPORT_HOST', ''),
('CHARACTER_SET_RESULTS', 'utf8'),
('MYISAM_SORT_BUFFER_SIZE', '70254592'),
('CHARACTER_SET_CONNECTION', 'utf8'),
('INNODB_ROLLBACK_SEGMENTS', '128'),
('MIN_EXAMINED_ROW_LIMIT', '0'),
('LARGE_FILES_SUPPORT', 'ON'),
('OPTIMIZER_PRUNE_LEVEL', '1'),
('QUERY_ALLOC_BLOCK_SIZE', '8192'),
('LOG_SLAVE_UPDATES', 'OFF'),
('NET_BUFFER_LENGTH', '16384'),
('FT_QUERY_EXPANSION_LIMIT', '20'),
('SKIP_SHOW_DATABASE', 'OFF'),
('FT_MAX_WORD_LEN', '84'),
('GROUP_CONCAT_MAX_LEN', '1024'),
('LARGE_PAGES', 'OFF'),
('RANGE_ALLOC_BLOCK_SIZE', '4096'),
('SQL_WARNINGS', 'OFF'),
('SYSTEM_TIME_ZONE', 'St'),
('PSEUDO_THREAD_ID', '13096'),
('INNODB_LOG_FILE_SIZE', '118489088'),
('DELAY_KEY_WRITE', 'ON'),
('TRANSACTION_PREALLOC_SIZE', '4096'),
('INTERACTIVE_TIMEOUT', '28800'),
('MYISAM_RECOVER_OPTIONS', 'OFF'),
('AUTOMATIC_SP_PRIVILEGES', 'ON'),
('INNODB_ADDITIONAL_MEM_POOL_SIZE', '12582912'),
('DELAYED_INSERT_LIMIT', '100'),
('LOW_PRIORITY_UPDATES', 'OFF'),
('COMPLETION_TYPE', 'NO_CHAIN'),
('REPORT_PASSWORD', ''),
('BINLOG_DIRECT_NON_TRANSACTIONAL_UPDATES', 'OFF'),
('MAX_INSERT_DELAYED_THREADS', '20'),
('AUTO_INCREMENT_OFFSET', '1'),
('SQL_BIG_SELECTS', 'ON'),
('QUERY_PREALLOC_SIZE', '8192'),
('TRANSACTION_ALLOC_BLOCK_SIZE', '8192'),
('BINLOG_CACHE_SIZE', '32768'),
('THREAD_CACHE_SIZE', '38'),
('LC_MESSAGES_DIR', 'C:\\Program Files\\MySQL\\MySQL Server 5.5\\share\\'),
('INNODB_DOUBLEWRITE', 'ON'),
('LOWER_CASE_FILE_SYSTEM', 'ON'),
('INIT_FILE', ''),
('IDENTITY', '0'),
('DEFAULT_WEEK_FORMAT', '0'),
('SQL_LOW_PRIORITY_UPDATES', 'OFF'),
('LOG_OUTPUT', 'FILE'),
('PERFORMANCE_SCHEMA_MAX_THREAD_CLASSES', '50'),
('INNODB_IO_CAPACITY', '200'),
('MAX_CONNECT_ERRORS', '10'),
('INNODB_USE_NATIVE_AIO', 'ON'),
('SSL_CAPATH', ''),
('HAVE_SYMLINK', 'YES'),
('OLD_ALTER_TABLE', 'OFF'),
('TIME_ZONE', '+00:00'),
('SQL_SLAVE_SKIP_COUNTER', '0'),
('INNODB_TABLE_LOCKS', 'ON'),
('LOG_WARNINGS', '1'),
('INNODB_AUTOEXTEND_INCREMENT', '8'),
('DELAYED_QUEUE_SIZE', '1000'),
('MYISAM_DATA_POINTER_SIZE', '6'),
('MAX_LONG_DATA_SIZE', '1048576'),
('INNODB_THREAD_SLEEP_DELAY', '10000'),
('SORT_BUFFER_SIZE', '262144'),
('SQL_AUTO_IS_NULL', 'OFF'),
('LOWER_CASE_TABLE_NAMES', '1'),
('SLAVE_TRANSACTION_RETRIES', '10'),
('CONNECT_TIMEOUT', '10'),
('KEEP_FILES_ON_CREATE', 'OFF'),
('MAX_HEAP_TABLE_SIZE', '16777216'),
('SYNC_RELAY_LOG_INFO', '0'),
('LOCK_WAIT_TIMEOUT', '31536000'),
('INNODB_REPLICATION_DELAY', '0'),
('KEY_CACHE_AGE_THRESHOLD', '300'),
('QUERY_CACHE_MIN_RES_UNIT', '4096'),
('NET_RETRY_COUNT', '10'),
('INNODB_STATS_ON_METADATA', 'ON'),
('READ_BUFFER_SIZE', '65536'),
('INNODB_ROLLBACK_ON_TIMEOUT', 'OFF'),
('FLUSH', 'OFF'),
('PROFILING_HISTORY_SIZE', '15'),
('LOG_QUERIES_NOT_USING_INDEXES', 'OFF'),
('INNODB_CHANGE_BUFFERING', 'all'),
('CHARACTER_SET_SERVER', 'utf8'),
('READ_RND_BUFFER_SIZE', '262144'),
('SLAVE_MAX_ALLOWED_PACKET', '1073741824'),
('INNODB_FILE_FORMAT', 'Antelope'),
('COLLATION_SERVER', 'utf8_general_ci'),
('BIG_TABLES', 'OFF'),
('EXTERNAL_USER', ''),
('SQL_SELECT_LIMIT', '18446744073709551615'),
('BULK_INSERT_BUFFER_SIZE', '8388608'),
('DATE_FORMAT', '%Y-%m-%d'),
('CHARACTER_SET_FILESYSTEM', 'binary'),
('READ_ONLY', 'OFF'),
('BINLOG_STMT_CACHE_SIZE', '32768'),
('RAND_SEED1', '0'),
('MAX_CONNECTIONS', '800'),
('INNODB_DATA_FILE_PATH', 'ibdata1:10M:autoextend'),
('MAX_BINLOG_CACHE_SIZE', '18446744073709547520'),
('INNODB_PURGE_THREADS', '0'),
('PERFORMANCE_SCHEMA_MAX_FILE_CLASSES', '50'),
('PROFILING', 'OFF'),
('MAX_SORT_LENGTH', '1024'),
('INNODB_STRICT_MODE', 'OFF'),
('PERFORMANCE_SCHEMA_EVENTS_WAITS_HISTORY_SIZE', '10'),
('KEY_CACHE_DIVISION_LIMIT', '100'),
('TABLE_DEFINITION_CACHE', '400'),
('GENERAL_LOG_FILE', 'E:\\MySQL\\Data\\Data\\WIN-TSQCB558VRH.log'),
('OLD_PASSWORDS', 'OFF'),
('PERFORMANCE_SCHEMA_MAX_COND_CLASSES', '80'),
('NET_WRITE_TIMEOUT', '60'),
('AUTO_INCREMENT_INCREMENT', '1'),
('THREAD_HANDLING', 'one-thread-per-connection'),
('TMPDIR', 'C:\\Windows\\TEMP'),
('METADATA_LOCKS_CACHE_SIZE', '1024'),
('EXPIRE_LOGS_DAYS', '0'),
('QUERY_CACHE_LIMIT', '1048576'),
('HAVE_PARTITIONING', 'YES'),
('SLAVE_COMPRESSED_PROTOCOL', 'OFF'),
('FOREIGN_KEY_CHECKS', 'ON'),
('KEY_CACHE_BLOCK_SIZE', '1024'),
('RELAY_LOG_INFO_FILE', 'relay-log.info'),
('NEW', 'OFF'),
('INNODB_AUTOINC_LOCK_MODE', '1'),
('THREAD_STACK', '262144'),
('INNODB_COMMIT_CONCURRENCY', '0'),
('SLAVE_EXEC_MODE', 'STRICT'),
('INNODB_MIRRORED_LOG_GROUPS', '1'),
('SKIP_NAME_RESOLVE', 'OFF'),
('INNODB_PURGE_BATCH_SIZE', '20'),
('PID_FILE', 'E:\\MySQL\\Data\\Data\\WIN-TSQCB558VRH.pid'),
('VERSION', '5.5.28'),
('VERSION_COMMENT', 'MySQL Community Server (GPL)'),
('INNODB_SUPPORT_XA', 'ON'),
('CONCURRENT_INSERT', 'AUTO'),
('INNODB_SYNC_SPIN_LOOPS', '30'),
('VERSION_COMPILE_MACHINE', 'x86'),
('COLLATION_CONNECTION', 'utf8_general_ci'),
('LOG_SLOW_QUERIES', 'OFF'),
('INNODB_ADAPTIVE_FLUSHING', 'ON'),
('SLAVE_LOAD_TMPDIR', 'C:\\Windows\\TEMP'),
('INNODB_ADAPTIVE_HASH_INDEX', 'ON'),
('FT_BOOLEAN_SYNTAX', '+ -><()~*:""&|'),
('SQL_LOG_OFF', 'OFF'),
('SECURE_AUTH', 'OFF'),
('DIV_PRECISION_INCREMENT', '4'),
('QUERY_CACHE_WLOCK_INVALIDATE', 'OFF'),
('STORED_PROGRAM_CACHE', '256'),
('MYISAM_STATS_METHOD', 'nulls_unequal'),
('INNODB_DATA_HOME_DIR', 'E:\\MySQL\\Tables\\'),
('GENERAL_LOG', 'OFF'),
('INNODB_READ_IO_THREADS', '4'),
('PERFORMANCE_SCHEMA_MAX_THREAD_INSTANCES', '1000'),
('INNODB_WRITE_IO_THREADS', '4'),
('HAVE_CSV', 'YES'),
('INNODB_BUFFER_POOL_INSTANCES', '1'),
('SERVER_ID', '0'),
('INNODB_FORCE_RECOVERY', '0'),
('SKIP_NETWORKING', 'OFF'),
('INNODB_LOG_FILES_IN_GROUP', '2'),
('CHARACTER_SET_SYSTEM', 'utf8'),
('ERROR_COUNT', '0'),
('INIT_CONNECT', ''),
('HAVE_DYNAMIC_LOADING', 'YES'),
('OPTIMIZER_SEARCH_DEPTH', '62'),
('SYNC_BINLOG', '0'),
('AUTOCOMMIT', 'ON'),
('RELAY_LOG_SPACE_LIMIT', '0'),
('NAMED_PIPE', 'OFF'),
('INNODB_OPEN_FILES', '300'),
('SSL_CIPHER', ''),
('INNODB_FILE_FORMAT_CHECK', 'ON'),
('LOG_ERROR', 'E:\\MySQL\\Data\\Data\\WIN-TSQCB558VRH.err'),
('INNODB_READ_AHEAD_THRESHOLD', '56'),
('LAST_INSERT_ID', '0'),
('SQL_BIG_TABLES', 'OFF'),
('HOSTNAME', 'WIN-TSQCB558VRH'),
('KEY_BUFFER_SIZE', '304087040'),
('CHARACTER_SET_DATABASE', 'utf8'),
('HAVE_NDBCLUSTER', 'NO'),
('MAX_SP_RECURSION_DEPTH', '0'),
('REPORT_PORT', '3306'),
('SQL_LOG_BIN', 'ON'),
('INNODB_STATS_METHOD', 'nulls_equal'),
('TMP_TABLE_SIZE', '70254592'),
('INNODB_FAST_SHUTDOWN', '1'),
('LOG_BIN', 'OFF'),
('SSL_CA', ''),
('INNODB_OLD_BLOCKS_PCT', '37'),
('INNODB_THREAD_CONCURRENCY', '10'),
('MAX_USER_CONNECTIONS', '0'),
('SLAVE_NET_TIMEOUT', '3600'),
('SQL_MAX_JOIN_SIZE', '18446744073709551615'),
('INNODB_STATS_SAMPLE_PAGES', '8'),
('TABLE_OPEN_CACHE', '1520'),
('LOCAL_INFILE', 'ON'),
('QUERY_CACHE_TYPE', 'ON'),
('HAVE_RTREE_KEYS', 'YES'),
('SECURE_FILE_PRIV', ''),
('HAVE_PROFILING', 'YES'),
('ENGINE_CONDITION_PUSHDOWN', 'ON'),
('SHARED_MEMORY_BASE_NAME', 'MYSQL'),
('LARGE_PAGE_SIZE', '0'),
('MYISAM_MMAP_SIZE', '18446744073709551615'),
('HAVE_INNODB', 'YES'),
('PERFORMANCE_SCHEMA_MAX_FILE_HANDLES', '32768'),
('QUERY_CACHE_SIZE', '195035136'),
('RELAY_LOG_RECOVERY', 'OFF'),
('TIMESTAMP', '1352624705'),
('MAX_DELAYED_THREADS', '20'),
('REPORT_USER', ''),
('DATETIME_FORMAT', '%Y-%m-%d %H:%i:%s'),
('HAVE_GEOMETRY', 'YES'),
('INNODB_FLUSH_LOG_AT_TRX_COMMIT', '1'),
('SLOW_QUERY_LOG', 'OFF'),
('MAX_RELAY_LOG_SIZE', '0'),
('PRELOAD_BUFFER_SIZE', '32768'),
('INNODB_RANDOM_READ_AHEAD', 'OFF'),
('LOG', 'OFF'),
('IGNORE_BUILTIN_INNODB', 'OFF'),
('OPEN_FILES_LIMIT', '6048'),
('PORT', '3306'),
('DATADIR', 'E:\\MySQL\\Data\\Data\\'),
('FT_MIN_WORD_LEN', '4'),
('SKIP_EXTERNAL_LOCKING', 'ON'),
('LOG_BIN_TRUST_FUNCTION_CREATORS', 'OFF'),
('SHARED_MEMORY', 'OFF'),
('INNODB_FORCE_LOAD_CORRUPTED', 'OFF'),
('HAVE_QUERY_CACHE', 'YES'),
('HAVE_OPENSSL', 'DISABLED'),
('SYNC_RELAY_LOG', '0'),
('MAX_BINLOG_STMT_CACHE_SIZE', '18446744073709547520'),
('LC_TIME_NAMES', 'en_US'),
('PERFORMANCE_SCHEMA_MAX_FILE_INSTANCES', '10000'),
('TIME_FORMAT', '%H:%i:%s'),
('INNODB_SPIN_WAIT_DELAY', '6'),
('LC_MESSAGES', 'en_US'),
('INNODB_FILE_FORMAT_MAX', 'Antelope'),
('NET_READ_TIMEOUT', '30'),
('DEFAULT_STORAGE_ENGINE', 'InnoDB'),
('SYNC_FRM', 'ON'),
('INNODB_LOCK_WAIT_TIMEOUT', '50'),
('TIMED_MUTEXES', 'OFF'),
('INNODB_OLD_BLOCKS_TIME', '0'),
('MULTI_RANGE_COUNT', '256'),
('RPL_RECOVERY_RANK', '0'),
('OLD', 'OFF'),
('MAX_TMP_TABLES', '32'),
('WARNING_COUNT', '1'),
('OPTIMIZER_SWITCH', 'index_merge=on,index_merge_union=on,index_merge_sort_union=on,index_merge_intersection=on,engine_condition_pushdown=on'),
('MAX_ALLOWED_PACKET', '1048576'),
('SQL_BUFFER_RESULT', 'OFF'),
('STORAGE_ENGINE', 'InnoDB'),
('INNODB_FLUSH_METHOD', ''),
('SLOW_QUERY_LOG_FILE', 'E:\\MySQL\\Data\\Data\\WIN-TSQCB558VRH-slow.log'),
('SSL_CERT', ''),
('INNODB_CHECKSUMS', 'ON'),
('SSL_KEY', ''),
('INNODB_LOCKS_UNSAFE_FOR_BINLOG', 'OFF'),
('HAVE_SSL', 'DISABLED'),
('MYISAM_USE_MMAP', 'OFF'),
('SLAVE_SKIP_ERRORS', 'OFF'),
('INNODB_CONCURRENCY_TICKETS', '500'),
('INSERT_ID', '0'),
('SQL_SAFE_UPDATES', 'OFF'),
('RELAY_LOG_PURGE', 'ON'),
('MAX_JOIN_SIZE', '18446744073709551615'),
('COLLATION_DATABASE', 'utf8_general_ci'),
('INNODB_BUFFER_POOL_SIZE', '590348288'),
('INNODB_FILE_PER_TABLE', 'OFF'),
('INNODB_LOG_GROUP_HOME_DIR', '.\\'),
('INNODB_LOG_BUFFER_SIZE', '6291456'),
('INNODB_LARGE_PREFIX', 'OFF'),
('SOCKET', 'MySQL'),
('CHARACTER_SET_CLIENT', 'utf8'),
('INNODB_MAX_PURGE_LAG', '0'),
('RAND_SEED2', '0'),
('MYISAM_MAX_SORT_FILE_SIZE', '107374182400'),
('SQL_MODE', ''),
('SLAVE_TYPE_CONVERSIONS', ''),
('MYISAM_REPAIR_THREADS', '1'),
('SQL_NOTES', 'ON'),
('PROTOCOL_VERSION', '10'),
('INNODB_USE_SYS_MALLOC', 'ON'),
('LICENSE', 'GPL'),
('INNODB_MAX_DIRTY_PAGES_PCT', '75'),
('PERFORMANCE_SCHEMA_MAX_TABLE_INSTANCES', '50000'),
('THREAD_CONCURRENCY', '10'),
('UNIQUE_CHECKS', 'ON'),
('HAVE_COMPRESS', 'YES');

-- --------------------------------------------------------

--
-- Table structure for table `STATISTICS`
--

CREATE TEMPORARY TABLE `STATISTICS` (
  `TABLE_CATALOG` varchar(512) NOT NULL DEFAULT '',
  `TABLE_SCHEMA` varchar(64) NOT NULL DEFAULT '',
  `TABLE_NAME` varchar(64) NOT NULL DEFAULT '',
  `NON_UNIQUE` bigint(1) NOT NULL DEFAULT '0',
  `INDEX_SCHEMA` varchar(64) NOT NULL DEFAULT '',
  `INDEX_NAME` varchar(64) NOT NULL DEFAULT '',
  `SEQ_IN_INDEX` bigint(2) NOT NULL DEFAULT '0',
  `COLUMN_NAME` varchar(64) NOT NULL DEFAULT '',
  `COLLATION` varchar(1) DEFAULT NULL,
  `CARDINALITY` bigint(21) DEFAULT NULL,
  `SUB_PART` bigint(3) DEFAULT NULL,
  `PACKED` varchar(10) DEFAULT NULL,
  `NULLABLE` varchar(3) NOT NULL DEFAULT '',
  `INDEX_TYPE` varchar(16) NOT NULL DEFAULT '',
  `COMMENT` varchar(16) DEFAULT NULL,
  `INDEX_COMMENT` varchar(1024) NOT NULL DEFAULT ''
) ENGINE=MEMORY DEFAULT CHARSET=utf8;

--
-- Dumping data for table `STATISTICS`
--

INSERT INTO `STATISTICS` (`TABLE_CATALOG`, `TABLE_SCHEMA`, `TABLE_NAME`, `NON_UNIQUE`, `INDEX_SCHEMA`, `INDEX_NAME`, `SEQ_IN_INDEX`, `COLUMN_NAME`, `COLLATION`, `CARDINALITY`, `SUB_PART`, `PACKED`, `NULLABLE`, `INDEX_TYPE`, `COMMENT`, `INDEX_COMMENT`) VALUES
('def', 'devfest', 'hackers', 0, 'devfest', 'PRIMARY', 1, 'id', 'A', 0, NULL, NULL, '', 'BTREE', '', ''),
('def', 'devfest', 'hackers', 0, 'devfest', 'nick', 1, 'nick', 'A', 0, NULL, NULL, '', 'BTREE', '', ''),
('def', 'devfest', 'hackers', 0, 'devfest', 'email', 1, 'email', 'A', 0, NULL, NULL, '', 'BTREE', '', ''),
('def', 'devfest', 'hackers', 0, 'devfest', 'hash', 1, 'hash', 'A', 0, NULL, NULL, '', 'BTREE', '', ''),
('def', 'devfest', 'levels', 0, 'devfest', 'PRIMARY', 1, 'level', 'A', 6, NULL, NULL, '', 'BTREE', '', '');

-- --------------------------------------------------------

--
-- Table structure for table `TABLES`
--

CREATE TEMPORARY TABLE `TABLES` (
  `TABLE_CATALOG` varchar(512) NOT NULL DEFAULT '',
  `TABLE_SCHEMA` varchar(64) NOT NULL DEFAULT '',
  `TABLE_NAME` varchar(64) NOT NULL DEFAULT '',
  `TABLE_TYPE` varchar(64) NOT NULL DEFAULT '',
  `ENGINE` varchar(64) DEFAULT NULL,
  `VERSION` bigint(21) unsigned DEFAULT NULL,
  `ROW_FORMAT` varchar(10) DEFAULT NULL,
  `TABLE_ROWS` bigint(21) unsigned DEFAULT NULL,
  `AVG_ROW_LENGTH` bigint(21) unsigned DEFAULT NULL,
  `DATA_LENGTH` bigint(21) unsigned DEFAULT NULL,
  `MAX_DATA_LENGTH` bigint(21) unsigned DEFAULT NULL,
  `INDEX_LENGTH` bigint(21) unsigned DEFAULT NULL,
  `DATA_FREE` bigint(21) unsigned DEFAULT NULL,
  `AUTO_INCREMENT` bigint(21) unsigned DEFAULT NULL,
  `CREATE_TIME` datetime DEFAULT NULL,
  `UPDATE_TIME` datetime DEFAULT NULL,
  `CHECK_TIME` datetime DEFAULT NULL,
  `TABLE_COLLATION` varchar(32) DEFAULT NULL,
  `CHECKSUM` bigint(21) unsigned DEFAULT NULL,
  `CREATE_OPTIONS` varchar(255) DEFAULT NULL,
  `TABLE_COMMENT` varchar(2048) NOT NULL DEFAULT ''
) ENGINE=MEMORY DEFAULT CHARSET=utf8;

--
-- Dumping data for table `TABLES`
--

INSERT INTO `TABLES` (`TABLE_CATALOG`, `TABLE_SCHEMA`, `TABLE_NAME`, `TABLE_TYPE`, `ENGINE`, `VERSION`, `ROW_FORMAT`, `TABLE_ROWS`, `AVG_ROW_LENGTH`, `DATA_LENGTH`, `MAX_DATA_LENGTH`, `INDEX_LENGTH`, `DATA_FREE`, `AUTO_INCREMENT`, `CREATE_TIME`, `UPDATE_TIME`, `CHECK_TIME`, `TABLE_COLLATION`, `CHECKSUM`, `CREATE_OPTIONS`, `TABLE_COMMENT`) VALUES
('def', 'information_schema', 'CHARACTER_SETS', 'SYSTEM VIEW', 'MEMORY', 10, 'Fixed', NULL, 384, 0, 16434816, 0, 0, NULL, '2012-11-11 09:05:05', NULL, NULL, 'utf8_general_ci', NULL, 'max_rows=43690', ''),
('def', 'information_schema', 'COLLATIONS', 'SYSTEM VIEW', 'MEMORY', 10, 'Fixed', NULL, 231, 0, 16704765, 0, 0, NULL, '2012-11-11 09:05:05', NULL, NULL, 'utf8_general_ci', NULL, 'max_rows=72628', ''),
('def', 'information_schema', 'COLLATION_CHARACTER_SET_APPLICABILITY', 'SYSTEM VIEW', 'MEMORY', 10, 'Fixed', NULL, 195, 0, 16357770, 0, 0, NULL, '2012-11-11 09:05:05', NULL, NULL, 'utf8_general_ci', NULL, 'max_rows=86037', ''),
('def', 'information_schema', 'COLUMNS', 'SYSTEM VIEW', 'MyISAM', 10, 'Dynamic', NULL, 0, 0, 281474976710655, 1024, 0, NULL, '2012-11-11 09:05:05', '2012-11-11 09:05:05', NULL, 'utf8_general_ci', NULL, 'max_rows=11736', ''),
('def', 'information_schema', 'COLUMN_PRIVILEGES', 'SYSTEM VIEW', 'MEMORY', 10, 'Fixed', NULL, 2565, 0, 16757145, 0, 0, NULL, '2012-11-11 09:05:05', NULL, NULL, 'utf8_general_ci', NULL, 'max_rows=6540', ''),
('def', 'information_schema', 'ENGINES', 'SYSTEM VIEW', 'MEMORY', 10, 'Fixed', NULL, 490, 0, 16574250, 0, 0, NULL, '2012-11-11 09:05:05', NULL, NULL, 'utf8_general_ci', NULL, 'max_rows=34239', ''),
('def', 'information_schema', 'EVENTS', 'SYSTEM VIEW', 'MyISAM', 10, 'Dynamic', NULL, 0, 0, 281474976710655, 1024, 0, NULL, '2012-11-11 09:05:05', '2012-11-11 09:05:05', NULL, 'utf8_general_ci', NULL, 'max_rows=2591', ''),
('def', 'information_schema', 'FILES', 'SYSTEM VIEW', 'MEMORY', 10, 'Fixed', NULL, 2677, 0, 16758020, 0, 0, NULL, '2012-11-11 09:05:05', NULL, NULL, 'utf8_general_ci', NULL, 'max_rows=6267', ''),
('def', 'information_schema', 'GLOBAL_STATUS', 'SYSTEM VIEW', 'MEMORY', 10, 'Fixed', NULL, 3268, 0, 16755036, 0, 0, NULL, '2012-11-11 09:05:05', NULL, NULL, 'utf8_general_ci', NULL, 'max_rows=5133', ''),
('def', 'information_schema', 'GLOBAL_VARIABLES', 'SYSTEM VIEW', 'MEMORY', 10, 'Fixed', NULL, 3268, 0, 16755036, 0, 0, NULL, '2012-11-11 09:05:05', NULL, NULL, 'utf8_general_ci', NULL, 'max_rows=5133', ''),
('def', 'information_schema', 'KEY_COLUMN_USAGE', 'SYSTEM VIEW', 'MEMORY', 10, 'Fixed', NULL, 4637, 0, 16762755, 0, 0, NULL, '2012-11-11 09:05:05', NULL, NULL, 'utf8_general_ci', NULL, 'max_rows=3618', ''),
('def', 'information_schema', 'PARAMETERS', 'SYSTEM VIEW', 'MyISAM', 10, 'Dynamic', NULL, 0, 0, 281474976710655, 1024, 0, NULL, '2012-11-11 09:05:05', '2012-11-11 09:05:05', NULL, 'utf8_general_ci', NULL, 'max_rows=25335', ''),
('def', 'information_schema', 'PARTITIONS', 'SYSTEM VIEW', 'MyISAM', 10, 'Dynamic', NULL, 0, 0, 281474976710655, 1024, 0, NULL, '2012-11-11 09:05:05', '2012-11-11 09:05:05', NULL, 'utf8_general_ci', NULL, 'max_rows=23363', ''),
('def', 'information_schema', 'PLUGINS', 'SYSTEM VIEW', 'MyISAM', 10, 'Dynamic', NULL, 0, 0, 281474976710655, 1024, 0, NULL, '2012-11-11 09:05:05', '2012-11-11 09:05:05', NULL, 'utf8_general_ci', NULL, 'max_rows=47437', ''),
('def', 'information_schema', 'PROCESSLIST', 'SYSTEM VIEW', 'MyISAM', 10, 'Dynamic', NULL, 0, 0, 281474976710655, 1024, 0, NULL, '2012-11-11 09:05:05', '2012-11-11 09:05:05', NULL, 'utf8_general_ci', NULL, 'max_rows=100077', ''),
('def', 'information_schema', 'PROFILING', 'SYSTEM VIEW', 'MEMORY', 10, 'Fixed', NULL, 308, 0, 16562084, 0, 0, NULL, '2012-11-11 09:05:05', NULL, NULL, 'utf8_general_ci', NULL, 'max_rows=54471', ''),
('def', 'information_schema', 'REFERENTIAL_CONSTRAINTS', 'SYSTEM VIEW', 'MEMORY', 10, 'Fixed', NULL, 4814, 0, 16767162, 0, 0, NULL, '2012-11-11 09:05:05', NULL, NULL, 'utf8_general_ci', NULL, 'max_rows=3485', ''),
('def', 'information_schema', 'ROUTINES', 'SYSTEM VIEW', 'MyISAM', 10, 'Dynamic', NULL, 0, 0, 281474976710655, 1024, 0, NULL, '2012-11-11 09:05:05', '2012-11-11 09:05:05', NULL, 'utf8_general_ci', NULL, 'max_rows=2443', ''),
('def', 'information_schema', 'SCHEMATA', 'SYSTEM VIEW', 'MEMORY', 10, 'Fixed', NULL, 3464, 0, 16738048, 0, 0, NULL, '2012-11-11 09:05:05', NULL, NULL, 'utf8_general_ci', NULL, 'max_rows=4843', ''),
('def', 'information_schema', 'SCHEMA_PRIVILEGES', 'SYSTEM VIEW', 'MEMORY', 10, 'Fixed', NULL, 2179, 0, 16736899, 0, 0, NULL, '2012-11-11 09:05:05', NULL, NULL, 'utf8_general_ci', NULL, 'max_rows=7699', ''),
('def', 'information_schema', 'SESSION_STATUS', 'SYSTEM VIEW', 'MEMORY', 10, 'Fixed', NULL, 3268, 0, 16755036, 0, 0, NULL, '2012-11-11 09:05:05', NULL, NULL, 'utf8_general_ci', NULL, 'max_rows=5133', ''),
('def', 'information_schema', 'SESSION_VARIABLES', 'SYSTEM VIEW', 'MEMORY', 10, 'Fixed', NULL, 3268, 0, 16755036, 0, 0, NULL, '2012-11-11 09:05:05', NULL, NULL, 'utf8_general_ci', NULL, 'max_rows=5133', ''),
('def', 'information_schema', 'STATISTICS', 'SYSTEM VIEW', 'MEMORY', 10, 'Fixed', NULL, 5753, 0, 16752736, 0, 0, NULL, '2012-11-11 09:05:05', NULL, NULL, 'utf8_general_ci', NULL, 'max_rows=2916', ''),
('def', 'information_schema', 'TABLES', 'SYSTEM VIEW', 'MEMORY', 10, 'Fixed', NULL, 9450, 0, 16764300, 0, 0, NULL, '2012-11-11 09:05:05', NULL, NULL, 'utf8_general_ci', NULL, 'max_rows=1775', ''),
('def', 'information_schema', 'TABLESPACES', 'SYSTEM VIEW', 'MEMORY', 10, 'Fixed', NULL, 6951, 0, 16772763, 0, 0, NULL, '2012-11-11 09:05:05', NULL, NULL, 'utf8_general_ci', NULL, 'max_rows=2413', ''),
('def', 'information_schema', 'TABLE_CONSTRAINTS', 'SYSTEM VIEW', 'MEMORY', 10, 'Fixed', NULL, 2504, 0, 16721712, 0, 0, NULL, '2012-11-11 09:05:05', NULL, NULL, 'utf8_general_ci', NULL, 'max_rows=6700', ''),
('def', 'information_schema', 'TABLE_PRIVILEGES', 'SYSTEM VIEW', 'MEMORY', 10, 'Fixed', NULL, 2372, 0, 16748692, 0, 0, NULL, '2012-11-11 09:05:05', NULL, NULL, 'utf8_general_ci', NULL, 'max_rows=7073', ''),
('def', 'information_schema', 'TRIGGERS', 'SYSTEM VIEW', 'MyISAM', 10, 'Dynamic', NULL, 0, 0, 281474976710655, 1024, 0, NULL, '2012-11-11 09:05:05', '2012-11-11 09:05:05', NULL, 'utf8_general_ci', NULL, 'max_rows=2384', ''),
('def', 'information_schema', 'USER_PRIVILEGES', 'SYSTEM VIEW', 'MEMORY', 10, 'Fixed', NULL, 1986, 0, 16726092, 0, 0, NULL, '2012-11-11 09:05:05', NULL, NULL, 'utf8_general_ci', NULL, 'max_rows=8447', ''),
('def', 'information_schema', 'VIEWS', 'SYSTEM VIEW', 'MyISAM', 10, 'Dynamic', NULL, 0, 0, 281474976710655, 1024, 0, NULL, '2012-11-11 09:05:05', '2012-11-11 09:05:05', NULL, 'utf8_general_ci', NULL, 'max_rows=29042', ''),
('def', 'information_schema', 'INNODB_BUFFER_PAGE', 'SYSTEM VIEW', 'MEMORY', 10, 'Fixed', NULL, 6852, 0, 16766844, 0, 0, NULL, '2012-11-11 09:05:05', NULL, NULL, 'utf8_general_ci', NULL, 'max_rows=2448', ''),
('def', 'information_schema', 'INNODB_TRX', 'SYSTEM VIEW', 'MEMORY', 10, 'Fixed', NULL, 4534, 0, 16766732, 0, 0, NULL, '2012-11-11 09:05:05', NULL, NULL, 'utf8_general_ci', NULL, 'max_rows=3700', ''),
('def', 'information_schema', 'INNODB_BUFFER_POOL_STATS', 'SYSTEM VIEW', 'MEMORY', 10, 'Fixed', NULL, 257, 0, 16332350, 0, 0, NULL, '2012-11-11 09:05:05', NULL, NULL, 'utf8_general_ci', NULL, 'max_rows=65280', ''),
('def', 'information_schema', 'INNODB_LOCK_WAITS', 'SYSTEM VIEW', 'MEMORY', 10, 'Fixed', NULL, 599, 0, 16749238, 0, 0, NULL, '2012-11-11 09:05:05', NULL, NULL, 'utf8_general_ci', NULL, 'max_rows=28008', ''),
('def', 'information_schema', 'INNODB_CMPMEM', 'SYSTEM VIEW', 'MEMORY', 10, 'Fixed', NULL, 29, 0, 15204352, 0, 0, NULL, '2012-11-11 09:05:05', NULL, NULL, 'utf8_general_ci', NULL, 'max_rows=578524', ''),
('def', 'information_schema', 'INNODB_CMP', 'SYSTEM VIEW', 'MEMORY', 10, 'Fixed', NULL, 25, 0, 13107200, 0, 0, NULL, '2012-11-11 09:05:05', NULL, NULL, 'utf8_general_ci', NULL, 'max_rows=671088', ''),
('def', 'information_schema', 'INNODB_LOCKS', 'SYSTEM VIEW', 'MEMORY', 10, 'Fixed', NULL, 31244, 0, 16746784, 0, 0, NULL, '2012-11-11 09:05:05', NULL, NULL, 'utf8_general_ci', NULL, 'max_rows=536', ''),
('def', 'information_schema', 'INNODB_CMPMEM_RESET', 'SYSTEM VIEW', 'MEMORY', 10, 'Fixed', NULL, 29, 0, 15204352, 0, 0, NULL, '2012-11-11 09:05:05', NULL, NULL, 'utf8_general_ci', NULL, 'max_rows=578524', ''),
('def', 'information_schema', 'INNODB_CMP_RESET', 'SYSTEM VIEW', 'MEMORY', 10, 'Fixed', NULL, 25, 0, 13107200, 0, 0, NULL, '2012-11-11 09:05:05', NULL, NULL, 'utf8_general_ci', NULL, 'max_rows=671088', ''),
('def', 'information_schema', 'INNODB_BUFFER_PAGE_LRU', 'SYSTEM VIEW', 'MEMORY', 10, 'Fixed', NULL, 6669, 0, 16765866, 0, 0, NULL, '2012-11-11 09:05:05', NULL, NULL, 'utf8_general_ci', NULL, 'max_rows=2515', ''),
('def', 'devfest', 'hackers', 'BASE TABLE', 'InnoDB', 10, 'Compact', 0, 0, 16384, 0, 49152, 11534336, 1, '2012-11-05 21:38:16', NULL, NULL, 'utf8_czech_ci', NULL, '', ''),
('def', 'devfest', 'levels', 'BASE TABLE', 'InnoDB', 10, 'Compact', 6, 10922, 65536, 0, 0, 11534336, NULL, '2012-11-05 21:38:17', NULL, NULL, 'utf8_czech_ci', NULL, '', '');

-- --------------------------------------------------------

--
-- Table structure for table `TABLESPACES`
--

CREATE TEMPORARY TABLE `TABLESPACES` (
  `TABLESPACE_NAME` varchar(64) NOT NULL DEFAULT '',
  `ENGINE` varchar(64) NOT NULL DEFAULT '',
  `TABLESPACE_TYPE` varchar(64) DEFAULT NULL,
  `LOGFILE_GROUP_NAME` varchar(64) DEFAULT NULL,
  `EXTENT_SIZE` bigint(21) unsigned DEFAULT NULL,
  `AUTOEXTEND_SIZE` bigint(21) unsigned DEFAULT NULL,
  `MAXIMUM_SIZE` bigint(21) unsigned DEFAULT NULL,
  `NODEGROUP_ID` bigint(21) unsigned DEFAULT NULL,
  `TABLESPACE_COMMENT` varchar(2048) DEFAULT NULL
) ENGINE=MEMORY DEFAULT CHARSET=utf8;

-- --------------------------------------------------------

--
-- Table structure for table `TABLE_CONSTRAINTS`
--

CREATE TEMPORARY TABLE `TABLE_CONSTRAINTS` (
  `CONSTRAINT_CATALOG` varchar(512) NOT NULL DEFAULT '',
  `CONSTRAINT_SCHEMA` varchar(64) NOT NULL DEFAULT '',
  `CONSTRAINT_NAME` varchar(64) NOT NULL DEFAULT '',
  `TABLE_SCHEMA` varchar(64) NOT NULL DEFAULT '',
  `TABLE_NAME` varchar(64) NOT NULL DEFAULT '',
  `CONSTRAINT_TYPE` varchar(64) NOT NULL DEFAULT ''
) ENGINE=MEMORY DEFAULT CHARSET=utf8;

--
-- Dumping data for table `TABLE_CONSTRAINTS`
--

INSERT INTO `TABLE_CONSTRAINTS` (`CONSTRAINT_CATALOG`, `CONSTRAINT_SCHEMA`, `CONSTRAINT_NAME`, `TABLE_SCHEMA`, `TABLE_NAME`, `CONSTRAINT_TYPE`) VALUES
('def', 'devfest', 'PRIMARY', 'devfest', 'hackers', 'PRIMARY KEY'),
('def', 'devfest', 'nick', 'devfest', 'hackers', 'UNIQUE'),
('def', 'devfest', 'email', 'devfest', 'hackers', 'UNIQUE'),
('def', 'devfest', 'hash', 'devfest', 'hackers', 'UNIQUE'),
('def', 'devfest', 'PRIMARY', 'devfest', 'levels', 'PRIMARY KEY');

-- --------------------------------------------------------

--
-- Table structure for table `TABLE_PRIVILEGES`
--

CREATE TEMPORARY TABLE `TABLE_PRIVILEGES` (
  `GRANTEE` varchar(81) NOT NULL DEFAULT '',
  `TABLE_CATALOG` varchar(512) NOT NULL DEFAULT '',
  `TABLE_SCHEMA` varchar(64) NOT NULL DEFAULT '',
  `TABLE_NAME` varchar(64) NOT NULL DEFAULT '',
  `PRIVILEGE_TYPE` varchar(64) NOT NULL DEFAULT '',
  `IS_GRANTABLE` varchar(3) NOT NULL DEFAULT ''
) ENGINE=MEMORY DEFAULT CHARSET=utf8;

-- --------------------------------------------------------

--
-- Table structure for table `TRIGGERS`
--

CREATE TEMPORARY TABLE `TRIGGERS` (
  `TRIGGER_CATALOG` varchar(512) NOT NULL DEFAULT '',
  `TRIGGER_SCHEMA` varchar(64) NOT NULL DEFAULT '',
  `TRIGGER_NAME` varchar(64) NOT NULL DEFAULT '',
  `EVENT_MANIPULATION` varchar(6) NOT NULL DEFAULT '',
  `EVENT_OBJECT_CATALOG` varchar(512) NOT NULL DEFAULT '',
  `EVENT_OBJECT_SCHEMA` varchar(64) NOT NULL DEFAULT '',
  `EVENT_OBJECT_TABLE` varchar(64) NOT NULL DEFAULT '',
  `ACTION_ORDER` bigint(4) NOT NULL DEFAULT '0',
  `ACTION_CONDITION` longtext,
  `ACTION_STATEMENT` longtext NOT NULL,
  `ACTION_ORIENTATION` varchar(9) NOT NULL DEFAULT '',
  `ACTION_TIMING` varchar(6) NOT NULL DEFAULT '',
  `ACTION_REFERENCE_OLD_TABLE` varchar(64) DEFAULT NULL,
  `ACTION_REFERENCE_NEW_TABLE` varchar(64) DEFAULT NULL,
  `ACTION_REFERENCE_OLD_ROW` varchar(3) NOT NULL DEFAULT '',
  `ACTION_REFERENCE_NEW_ROW` varchar(3) NOT NULL DEFAULT '',
  `CREATED` datetime DEFAULT NULL,
  `SQL_MODE` varchar(8192) NOT NULL DEFAULT '',
  `DEFINER` varchar(77) NOT NULL DEFAULT '',
  `CHARACTER_SET_CLIENT` varchar(32) NOT NULL DEFAULT '',
  `COLLATION_CONNECTION` varchar(32) NOT NULL DEFAULT '',
  `DATABASE_COLLATION` varchar(32) NOT NULL DEFAULT ''
) ENGINE=MyISAM DEFAULT CHARSET=utf8;

-- --------------------------------------------------------

--
-- Table structure for table `USER_PRIVILEGES`
--

CREATE TEMPORARY TABLE `USER_PRIVILEGES` (
  `GRANTEE` varchar(81) NOT NULL DEFAULT '',
  `TABLE_CATALOG` varchar(512) NOT NULL DEFAULT '',
  `PRIVILEGE_TYPE` varchar(64) NOT NULL DEFAULT '',
  `IS_GRANTABLE` varchar(3) NOT NULL DEFAULT ''
) ENGINE=MEMORY DEFAULT CHARSET=utf8;

--
-- Dumping data for table `USER_PRIVILEGES`
--

INSERT INTO `USER_PRIVILEGES` (`GRANTEE`, `TABLE_CATALOG`, `PRIVILEGE_TYPE`, `IS_GRANTABLE`) VALUES
('''gug''@''localhost''', 'def', 'USAGE', 'NO');

-- --------------------------------------------------------

--
-- Table structure for table `VIEWS`
--

CREATE TEMPORARY TABLE `VIEWS` (
  `TABLE_CATALOG` varchar(512) NOT NULL DEFAULT '',
  `TABLE_SCHEMA` varchar(64) NOT NULL DEFAULT '',
  `TABLE_NAME` varchar(64) NOT NULL DEFAULT '',
  `VIEW_DEFINITION` longtext NOT NULL,
  `CHECK_OPTION` varchar(8) NOT NULL DEFAULT '',
  `IS_UPDATABLE` varchar(3) NOT NULL DEFAULT '',
  `DEFINER` varchar(77) NOT NULL DEFAULT '',
  `SECURITY_TYPE` varchar(7) NOT NULL DEFAULT '',
  `CHARACTER_SET_CLIENT` varchar(32) NOT NULL DEFAULT '',
  `COLLATION_CONNECTION` varchar(32) NOT NULL DEFAULT ''
) ENGINE=MyISAM DEFAULT CHARSET=utf8;

-- --------------------------------------------------------

--
-- Table structure for table `INNODB_BUFFER_PAGE`
--

CREATE TEMPORARY TABLE `INNODB_BUFFER_PAGE` (
  `POOL_ID` bigint(21) unsigned NOT NULL DEFAULT '0',
  `BLOCK_ID` bigint(21) unsigned NOT NULL DEFAULT '0',
  `SPACE` bigint(21) unsigned NOT NULL DEFAULT '0',
  `PAGE_NUMBER` bigint(21) unsigned NOT NULL DEFAULT '0',
  `PAGE_TYPE` varchar(64) DEFAULT NULL,
  `FLUSH_TYPE` bigint(21) unsigned NOT NULL DEFAULT '0',
  `FIX_COUNT` bigint(21) unsigned NOT NULL DEFAULT '0',
  `IS_HASHED` varchar(3) DEFAULT NULL,
  `NEWEST_MODIFICATION` bigint(21) unsigned NOT NULL DEFAULT '0',
  `OLDEST_MODIFICATION` bigint(21) unsigned NOT NULL DEFAULT '0',
  `ACCESS_TIME` bigint(21) unsigned NOT NULL DEFAULT '0',
  `TABLE_NAME` varchar(1024) DEFAULT NULL,
  `INDEX_NAME` varchar(1024) DEFAULT NULL,
  `NUMBER_RECORDS` bigint(21) unsigned NOT NULL DEFAULT '0',
  `DATA_SIZE` bigint(21) unsigned NOT NULL DEFAULT '0',
  `COMPRESSED_SIZE` bigint(21) unsigned NOT NULL DEFAULT '0',
  `PAGE_STATE` varchar(64) DEFAULT NULL,
  `IO_FIX` varchar(64) DEFAULT NULL,
  `IS_OLD` varchar(3) DEFAULT NULL,
  `FREE_PAGE_CLOCK` bigint(21) unsigned NOT NULL DEFAULT '0'
) ENGINE=MEMORY DEFAULT CHARSET=utf8;
-- Error reading data: (#1227 - Access denied; you need (at least one of) the PROCESS privilege(s) for this operation)

-- --------------------------------------------------------

--
-- Table structure for table `INNODB_TRX`
--

CREATE TEMPORARY TABLE `INNODB_TRX` (
  `trx_id` varchar(18) NOT NULL DEFAULT '',
  `trx_state` varchar(13) NOT NULL DEFAULT '',
  `trx_started` datetime NOT NULL DEFAULT '0000-00-00 00:00:00',
  `trx_requested_lock_id` varchar(81) DEFAULT NULL,
  `trx_wait_started` datetime DEFAULT NULL,
  `trx_weight` bigint(21) unsigned NOT NULL DEFAULT '0',
  `trx_mysql_thread_id` bigint(21) unsigned NOT NULL DEFAULT '0',
  `trx_query` varchar(1024) DEFAULT NULL,
  `trx_operation_state` varchar(64) DEFAULT NULL,
  `trx_tables_in_use` bigint(21) unsigned NOT NULL DEFAULT '0',
  `trx_tables_locked` bigint(21) unsigned NOT NULL DEFAULT '0',
  `trx_lock_structs` bigint(21) unsigned NOT NULL DEFAULT '0',
  `trx_lock_memory_bytes` bigint(21) unsigned NOT NULL DEFAULT '0',
  `trx_rows_locked` bigint(21) unsigned NOT NULL DEFAULT '0',
  `trx_rows_modified` bigint(21) unsigned NOT NULL DEFAULT '0',
  `trx_concurrency_tickets` bigint(21) unsigned NOT NULL DEFAULT '0',
  `trx_isolation_level` varchar(16) NOT NULL DEFAULT '',
  `trx_unique_checks` int(1) NOT NULL DEFAULT '0',
  `trx_foreign_key_checks` int(1) NOT NULL DEFAULT '0',
  `trx_last_foreign_key_error` varchar(256) DEFAULT NULL,
  `trx_adaptive_hash_latched` int(1) NOT NULL DEFAULT '0',
  `trx_adaptive_hash_timeout` bigint(21) unsigned NOT NULL DEFAULT '0'
) ENGINE=MEMORY DEFAULT CHARSET=utf8;
-- Error reading data: (#1227 - Access denied; you need (at least one of) the PROCESS privilege(s) for this operation)

-- --------------------------------------------------------

--
-- Table structure for table `INNODB_BUFFER_POOL_STATS`
--

CREATE TEMPORARY TABLE `INNODB_BUFFER_POOL_STATS` (
  `POOL_ID` bigint(21) unsigned NOT NULL DEFAULT '0',
  `POOL_SIZE` bigint(21) unsigned NOT NULL DEFAULT '0',
  `FREE_BUFFERS` bigint(21) unsigned NOT NULL DEFAULT '0',
  `DATABASE_PAGES` bigint(21) unsigned NOT NULL DEFAULT '0',
  `OLD_DATABASE_PAGES` bigint(21) unsigned NOT NULL DEFAULT '0',
  `MODIFIED_DATABASE_PAGES` bigint(21) unsigned NOT NULL DEFAULT '0',
  `PENDING_DECOMPRESS` bigint(21) unsigned NOT NULL DEFAULT '0',
  `PENDING_READS` bigint(21) unsigned NOT NULL DEFAULT '0',
  `PENDING_FLUSH_LRU` bigint(21) unsigned NOT NULL DEFAULT '0',
  `PENDING_FLUSH_LIST` bigint(21) unsigned NOT NULL DEFAULT '0',
  `PAGES_MADE_YOUNG` bigint(21) unsigned NOT NULL DEFAULT '0',
  `PAGES_NOT_MADE_YOUNG` bigint(21) unsigned NOT NULL DEFAULT '0',
  `PAGES_MADE_YOUNG_RATE` double NOT NULL DEFAULT '0',
  `PAGES_MADE_NOT_YOUNG_RATE` double NOT NULL DEFAULT '0',
  `NUMBER_PAGES_READ` bigint(21) unsigned NOT NULL DEFAULT '0',
  `NUMBER_PAGES_CREATED` bigint(21) unsigned NOT NULL DEFAULT '0',
  `NUMBER_PAGES_WRITTEN` bigint(21) unsigned NOT NULL DEFAULT '0',
  `PAGES_READ_RATE` double NOT NULL DEFAULT '0',
  `PAGES_CREATE_RATE` double NOT NULL DEFAULT '0',
  `PAGES_WRITTEN_RATE` double NOT NULL DEFAULT '0',
  `NUMBER_PAGES_GET` bigint(21) unsigned NOT NULL DEFAULT '0',
  `HIT_RATE` bigint(21) unsigned NOT NULL DEFAULT '0',
  `YOUNG_MAKE_PER_THOUSAND_GETS` bigint(21) unsigned NOT NULL DEFAULT '0',
  `NOT_YOUNG_MAKE_PER_THOUSAND_GETS` bigint(21) unsigned NOT NULL DEFAULT '0',
  `NUMBER_PAGES_READ_AHEAD` bigint(21) unsigned NOT NULL DEFAULT '0',
  `NUMBER_READ_AHEAD_EVICTED` bigint(21) unsigned NOT NULL DEFAULT '0',
  `READ_AHEAD_RATE` double NOT NULL DEFAULT '0',
  `READ_AHEAD_EVICTED_RATE` double NOT NULL DEFAULT '0',
  `LRU_IO_TOTAL` bigint(21) unsigned NOT NULL DEFAULT '0',
  `LRU_IO_CURRENT` bigint(21) unsigned NOT NULL DEFAULT '0',
  `UNCOMPRESS_TOTAL` bigint(21) unsigned NOT NULL DEFAULT '0',
  `UNCOMPRESS_CURRENT` bigint(21) unsigned NOT NULL DEFAULT '0'
) ENGINE=MEMORY DEFAULT CHARSET=utf8;
-- Error reading data: (#1227 - Access denied; you need (at least one of) the PROCESS privilege(s) for this operation)

-- --------------------------------------------------------

--
-- Table structure for table `INNODB_LOCK_WAITS`
--

CREATE TEMPORARY TABLE `INNODB_LOCK_WAITS` (
  `requesting_trx_id` varchar(18) NOT NULL DEFAULT '',
  `requested_lock_id` varchar(81) NOT NULL DEFAULT '',
  `blocking_trx_id` varchar(18) NOT NULL DEFAULT '',
  `blocking_lock_id` varchar(81) NOT NULL DEFAULT ''
) ENGINE=MEMORY DEFAULT CHARSET=utf8;
-- Error reading data: (#1227 - Access denied; you need (at least one of) the PROCESS privilege(s) for this operation)

-- --------------------------------------------------------

--
-- Table structure for table `INNODB_CMPMEM`
--

CREATE TEMPORARY TABLE `INNODB_CMPMEM` (
  `page_size` int(5) NOT NULL DEFAULT '0',
  `buffer_pool_instance` int(11) NOT NULL DEFAULT '0',
  `pages_used` int(11) NOT NULL DEFAULT '0',
  `pages_free` int(11) NOT NULL DEFAULT '0',
  `relocation_ops` bigint(21) NOT NULL DEFAULT '0',
  `relocation_time` int(11) NOT NULL DEFAULT '0'
) ENGINE=MEMORY DEFAULT CHARSET=utf8;
-- Error reading data: (#1227 - Access denied; you need (at least one of) the PROCESS privilege(s) for this operation)

-- --------------------------------------------------------

--
-- Table structure for table `INNODB_CMP`
--

CREATE TEMPORARY TABLE `INNODB_CMP` (
  `page_size` int(5) NOT NULL DEFAULT '0',
  `compress_ops` int(11) NOT NULL DEFAULT '0',
  `compress_ops_ok` int(11) NOT NULL DEFAULT '0',
  `compress_time` int(11) NOT NULL DEFAULT '0',
  `uncompress_ops` int(11) NOT NULL DEFAULT '0',
  `uncompress_time` int(11) NOT NULL DEFAULT '0'
) ENGINE=MEMORY DEFAULT CHARSET=utf8;
-- Error reading data: (#1227 - Access denied; you need (at least one of) the PROCESS privilege(s) for this operation)

-- --------------------------------------------------------

--
-- Table structure for table `INNODB_LOCKS`
--

CREATE TEMPORARY TABLE `INNODB_LOCKS` (
  `lock_id` varchar(81) NOT NULL DEFAULT '',
  `lock_trx_id` varchar(18) NOT NULL DEFAULT '',
  `lock_mode` varchar(32) NOT NULL DEFAULT '',
  `lock_type` varchar(32) NOT NULL DEFAULT '',
  `lock_table` varchar(1024) NOT NULL DEFAULT '',
  `lock_index` varchar(1024) DEFAULT NULL,
  `lock_space` bigint(21) unsigned DEFAULT NULL,
  `lock_page` bigint(21) unsigned DEFAULT NULL,
  `lock_rec` bigint(21) unsigned DEFAULT NULL,
  `lock_data` varchar(8192) DEFAULT NULL
) ENGINE=MEMORY DEFAULT CHARSET=utf8;
-- Error reading data: (#1227 - Access denied; you need (at least one of) the PROCESS privilege(s) for this operation)

-- --------------------------------------------------------

--
-- Table structure for table `INNODB_CMPMEM_RESET`
--

CREATE TEMPORARY TABLE `INNODB_CMPMEM_RESET` (
  `page_size` int(5) NOT NULL DEFAULT '0',
  `buffer_pool_instance` int(11) NOT NULL DEFAULT '0',
  `pages_used` int(11) NOT NULL DEFAULT '0',
  `pages_free` int(11) NOT NULL DEFAULT '0',
  `relocation_ops` bigint(21) NOT NULL DEFAULT '0',
  `relocation_time` int(11) NOT NULL DEFAULT '0'
) ENGINE=MEMORY DEFAULT CHARSET=utf8;
-- Error reading data: (#1227 - Access denied; you need (at least one of) the PROCESS privilege(s) for this operation)

-- --------------------------------------------------------

--
-- Table structure for table `INNODB_CMP_RESET`
--

CREATE TEMPORARY TABLE `INNODB_CMP_RESET` (
  `page_size` int(5) NOT NULL DEFAULT '0',
  `compress_ops` int(11) NOT NULL DEFAULT '0',
  `compress_ops_ok` int(11) NOT NULL DEFAULT '0',
  `compress_time` int(11) NOT NULL DEFAULT '0',
  `uncompress_ops` int(11) NOT NULL DEFAULT '0',
  `uncompress_time` int(11) NOT NULL DEFAULT '0'
) ENGINE=MEMORY DEFAULT CHARSET=utf8;
-- Error reading data: (#1227 - Access denied; you need (at least one of) the PROCESS privilege(s) for this operation)

-- --------------------------------------------------------

--
-- Table structure for table `INNODB_BUFFER_PAGE_LRU`
--

CREATE TEMPORARY TABLE `INNODB_BUFFER_PAGE_LRU` (
  `POOL_ID` bigint(21) unsigned NOT NULL DEFAULT '0',
  `LRU_POSITION` bigint(21) unsigned NOT NULL DEFAULT '0',
  `SPACE` bigint(21) unsigned NOT NULL DEFAULT '0',
  `PAGE_NUMBER` bigint(21) unsigned NOT NULL DEFAULT '0',
  `PAGE_TYPE` varchar(64) DEFAULT NULL,
  `FLUSH_TYPE` bigint(21) unsigned NOT NULL DEFAULT '0',
  `FIX_COUNT` bigint(21) unsigned NOT NULL DEFAULT '0',
  `IS_HASHED` varchar(3) DEFAULT NULL,
  `NEWEST_MODIFICATION` bigint(21) unsigned NOT NULL DEFAULT '0',
  `OLDEST_MODIFICATION` bigint(21) unsigned NOT NULL DEFAULT '0',
  `ACCESS_TIME` bigint(21) unsigned NOT NULL DEFAULT '0',
  `TABLE_NAME` varchar(1024) DEFAULT NULL,
  `INDEX_NAME` varchar(1024) DEFAULT NULL,
  `NUMBER_RECORDS` bigint(21) unsigned NOT NULL DEFAULT '0',
  `DATA_SIZE` bigint(21) unsigned NOT NULL DEFAULT '0',
  `COMPRESSED_SIZE` bigint(21) unsigned NOT NULL DEFAULT '0',
  `COMPRESSED` varchar(3) DEFAULT NULL,
  `IO_FIX` varchar(64) DEFAULT NULL,
  `IS_OLD` varchar(3) DEFAULT NULL,
  `FREE_PAGE_CLOCK` bigint(21) unsigned NOT NULL DEFAULT '0'
) ENGINE=MEMORY DEFAULT CHARSET=utf8;
-- Error reading data: (#1227 - Access denied; you need (at least one of) the PROCESS privilege(s) for this operation)

/*!40101 SET CHARACTER_SET_CLIENT=@OLD_CHARACTER_SET_CLIENT */;
/*!40101 SET CHARACTER_SET_RESULTS=@OLD_CHARACTER_SET_RESULTS */;
/*!40101 SET COLLATION_CONNECTION=@OLD_COLLATION_CONNECTION */;
